created_at;id_str;full_text;quote_count;reply_count;retweet_count;favorite_count;lang;user_id_str;conversation_id_str;username;tweet_url
Fri Aug 25 21:15:54 +0000 2023;1695183242733965369;"-ness Jam segini ada yang bisa anjem?";0;9;0;0;in;1187284958370398209;1695183242733965369;unnesmenfess;https://twitter.com/unnesmenfess/status/1695183242733965369
Fri Aug 25 21:07:01 +0000 2023;1695181006452805928;"@unnesmenfess mau nderrrr, untuk tgl 31 Agustus tapi derr hari ultah soalnyağŸ˜Šâ˜ğŸ»";0;0;0;0;in;1621427161931599873;1695108449762513002;iniijejee;https://twitter.com/iniijejee/status/1695181006452805928
Fri Aug 25 20:03:48 +0000 2023;1695165098929836433;"@FitrahDharul @yuki_binance @aniesbaswedan @undip @univ_indonesia @unpad @UGMYogyakarta @UB_Official @Unair_Official @UNJ_Official @upiofficial @univ_terbuka @usakti_official @itbofficial @bemfe_unnes @anak_unhas @official_unand @DPR_RI @mprgoid Budaya Indonesia ? Marganya saja ASING kok mau ngembngin budya Indonesia.....hahahaha";0;1;0;0;in;1686036509508714496;1694987701764940087;DahriWaeSaja;https://twitter.com/DahriWaeSaja/status/1695165098929836433
Fri Aug 25 19:33:49 +0000 2023;1695157551111999942;"-ness ada yg lg laper gaa. Ayo makannnnn :)";1;1;0;4;in;1187284958370398209;1695157551111999942;unnesmenfess;https://twitter.com/unnesmenfess/status/1695157551111999942
Fri Aug 25 18:55:19 +0000 2023;1695147860935970838;"@unnesmenfess Njirr 200meter jalanan unnes";0;0;0;0;in;1263883375;1694986790229450762;rickynyatanya;https://twitter.com/rickynyatanya/status/1695147860935970838
Fri Aug 25 18:39:32 +0000 2023;1695143891463442704;"-ness pacaran 4th putus soale aku kalah karo biduan sg gek ketemu pisan iso dijogeti. Wtf";0;3;0;5;in;1187284958370398209;1695143891463442704;unnesmenfess;https://twitter.com/unnesmenfess/status/1695143891463442704
Fri Aug 25 18:27:34 +0000 2023;1695140880720802204;"-ness bursky tu bisa qris ga si?";0;1;0;1;in;1187284958370398209;1695140880720802204;unnesmenfess;https://twitter.com/unnesmenfess/status/1695140880720802204
Fri Aug 25 18:25:40 +0000 2023;1695140401739616734;"@unnesmenfess Oke,, September gas Unnes";0;0;0;0;en;2576858468;1694839235885605306;syaif38;https://twitter.com/syaif38/status/1695140401739616734
Fri Aug 25 18:21:41 +0000 2023;1695139399888146774;"-ness jam segini kosan rame temennya temen kos pada mabar, berisik teriak2 ketawa2 ganggu orang tidurrr, gapunya etika gada otak gada unggah ungguh, ga diajarin tata krama kali yaa! udah cape ngomongin&amp nyindir ttp diulangin lagi";1;4;0;18;in;1187284958370398209;1695139399888146774;unnesmenfess;https://twitter.com/unnesmenfess/status/1695139399888146774
Fri Aug 25 17:51:24 +0000 2023;1695131777558573080;"-ness besok sender ada acara pra mu ka, tp tiba-tiba ada kelas pengganti pagi, apakah sender kudu zoom waktu acara wkskw";0;4;0;1;in;1187284958370398209;1695131777558573080;unnesmenfess;https://twitter.com/unnesmenfess/status/1695131777558573080
Fri Aug 25 17:48:02 +0000 2023;1695130930627874951;"-ness lagi galau berat ambil keputusan menyangkut masa depan yang tak tahu bagaimana ğŸ˜¢";0;2;2;2;in;1187284958370398209;1695130930627874951;unnesmenfess;https://twitter.com/unnesmenfess/status/1695130930627874951
Fri Aug 25 17:45:12 +0000 2023;1695130215402627321;"-ness punya cwo yg pinter masak privilege bgt njir, masa weekend selalu di bikinin bento isi masakan dia semua. Mana masakannya beneran enak semuağŸ˜­ kalah bgt masakan aku.";0;5;0;24;in;1187284958370398209;1695130215402627321;unnesmenfess;https://twitter.com/unnesmenfess/status/1695130215402627321
Fri Aug 25 17:36:55 +0000 2023;1695128132918055232;"Cocok banget jam segini buat nangis -ness";0;6;0;3;in;1187284958370398209;1695128132918055232;unnesmenfess;https://twitter.com/unnesmenfess/status/1695128132918055232
Fri Aug 25 17:33:23 +0000 2023;1695127244417765827;"Ada yang mau ngelamun di antariksa? -ness";0;5;0;3;in;1187284958370398209;1695127244417765827;unnesmenfess;https://twitter.com/unnesmenfess/status/1695127244417765827
Fri Aug 25 17:28:32 +0000 2023;1695126024487612732;"-ness emang biasanya gitu ya kalau kitanya terlalu sayang ama cowo malah cowonya ngelunjak?";1;13;0;7;in;1187284958370398209;1695126024487612732;unnesmenfess;https://twitter.com/unnesmenfess/status/1695126024487612732
Fri Aug 25 17:05:29 +0000 2023;1695120223295435252;"-ness info jastip DONGGG.. lapar banget";0;5;0;0;in;1187284958370398209;1695120223295435252;unnesmenfess;https://twitter.com/unnesmenfess/status/1695120223295435252
Fri Aug 25 17:04:56 +0000 2023;1695120082488431053;"-ness air di kos kalian mati gk?";0;4;0;0;in;1187284958370398209;1695120082488431053;unnesmenfess;https://twitter.com/unnesmenfess/status/1695120082488431053
Fri Aug 25 17:03:46 +0000 2023;1695119791311446494;"dijual karna mau ganti hp ya, masi like new bgt semua masi lancar";0;0;0;0;in;1255410680120958980;1695118219097559235;bekindyyy;https://twitter.com/bekindyyy/status/1695119791311446494
Fri Aug 25 16:59:18 +0000 2023;1695118667279953960;"-jualaness yuu bisa nego, yang minat langsung komen aja nanti aku dm, ambil di kos yaa, soalnya aku ga bawa motor, makasii https://t.co/roS8ntvzj2";0;12;0;3;in;1187284958370398209;1695118667279953960;unnesmenfess;https://twitter.com/unnesmenfess/status/1695118667279953960
Fri Aug 25 16:58:16 +0000 2023;1695118406985691450;"-Jualaness Kalo aku open PO parfum the body shop ada yang minat ga ya??? Just 70k. Komen aja yg minat nnti ku dm. Makasiii";0;0;0;0;in;1187284958370398209;1695118406985691450;unnesmenfess;https://twitter.com/unnesmenfess/status/1695118406985691450
Fri Aug 25 16:57:31 +0000 2023;1695118219097559235;"wts! iPhone 11 128Gb (white) EX IBOX ERAFONE  âœ… pemakaian cewe, baru 3 bulan, like new âœ… bh 98% masi awet bgt  8,1 juta harga asli 9juta + garansi erafone (350k) garansi ibox, garansi erafoneâœ… sampe bulan mei 2024  cod pati-semarang, shopee bisa minat https://t.co/QHpcVZWAwk https://t.co/xGzsvNRC8u";2;4;2;13;in;1255410680120958980;1695118219097559235;bekindyyy;https://twitter.com/bekindyyy/status/1695118219097559235
Fri Aug 25 16:55:43 +0000 2023;1695117765433295276;"@fwe_ooo @unnesmenfess cdm ka";0;1;0;0;it;1255410680120958980;1695111141113135453;bekindyyy;https://twitter.com/bekindyyy/status/1695117765433295276
Fri Aug 25 16:54:45 +0000 2023;1695117520263688280;"-jualaness ayo yang mau cari makeup wisuda priode september-oktober bisa bgt masih ada slot!ğŸŒ· https://t.co/3YMk8BQyVS";0;1;0;2;in;1187284958370398209;1695117520263688280;unnesmenfess;https://twitter.com/unnesmenfess/status/1695117520263688280
Fri Aug 25 16:54:10 +0000 2023;1695117374603841852;"-jualaness dibeli yuk preloved dress aku hanya 50k aja aku anter sm depan kos tb: 162 cm bb: 45 kg https://t.co/F4hZS1CVBm";0;0;0;0;in;1187284958370398209;1695117374603841852;unnesmenfess;https://twitter.com/unnesmenfess/status/1695117374603841852
Fri Aug 25 16:51:08 +0000 2023;1695116612146442353;"halo -ness save aja dulu yuk https://t.co/mLEPc4Ankr";0;0;0;11;in;1187284958370398209;1695116612146442353;unnesmenfess;https://twitter.com/unnesmenfess/status/1695116612146442353
Fri Aug 25 16:49:32 +0000 2023;1695116207622586528;"-ness saran dong guyss klo keluarganya dtg ke semarang enaknya diajakin jalan-jalan kemana ya? yg ramah anak kecil juga ya";0;9;0;18;in;1187284958370398209;1695116207622586528;unnesmenfess;https://twitter.com/unnesmenfess/status/1695116207622586528
Fri Aug 25 16:49:19 +0000 2023;1695116154212376640;"-jualaness new masih segelan elvicto brightening serum 150k ajaa free buku panduan elvicto. yg mau rep aja ya nanti sender dm https://t.co/qgwDt9kskh";0;0;0;0;in;1187284958370398209;1695116154212376640;unnesmenfess;https://twitter.com/unnesmenfess/status/1695116154212376640
Fri Aug 25 16:48:13 +0000 2023;1695115877111460171;"-jualaness ada yang mau beli vidio platinum private ga? 19k aja nih buat sebulan, dijual krn kakakku dah beli ğŸ˜­";0;0;0;1;in;1187284958370398209;1695115877111460171;unnesmenfess;https://twitter.com/unnesmenfess/status/1695115877111460171
Fri Aug 25 16:47:55 +0000 2023;1695115802956153147;"-jualaness Dijual kandang kucing 100k (nego tipis) https://t.co/2AiuJbLZZA";0;3;0;2;in;1187284958370398209;1695115802956153147;unnesmenfess;https://twitter.com/unnesmenfess/status/1695115802956153147
Fri Aug 25 16:43:39 +0000 2023;1695114728123908581;"-ness yang hari sabtu jualan areng sekitaran unnes dimana ya guyssğŸ˜­ğŸ˜­";0;3;0;0;in;1187284958370398209;1695114728123908581;unnesmenfess;https://twitter.com/unnesmenfess/status/1695114728123908581
Fri Aug 25 16:42:54 +0000 2023;1695114540122530197;"-ness ada yg punya nomormya fc dpn mua gak ya?";0;3;0;0;in;1187284958370398209;1695114540122530197;unnesmenfess;https://twitter.com/unnesmenfess/status/1695114540122530197
Fri Aug 25 16:42:08 +0000 2023;1695114347805319363;"-ness ada yang mau preloved in kipas mini portabel?";0;0;0;0;in;1187284958370398209;1695114347805319363;unnesmenfess;https://twitter.com/unnesmenfess/status/1695114347805319363
Fri Aug 25 16:42:06 +0000 2023;1695114337994838373;"apresiasi nyari igku dari akun ig pkkmb unnes itu kocak, tp kalo aku disaingin sama mie pasti aku kalah gamau disaingan sama mie, sp jg maw saingan ogah, kalo dia friendly lapor aku aja nanti kita baku hantam, tapi untungnya ngga, suka ngomong mang ea tp i'm mad after that";0;0;0;0;in;1659211940064038914;1695112100761497780;bl00dOnyourlips;https://twitter.com/bl00dOnyourlips/status/1695114337994838373
Fri Aug 25 16:41:06 +0000 2023;1695114084386263292;"Numpang ngelapakkk mungkin ada yang nyari jasa mua nya kakak free transfort area unnes tercinta wkwkwk https://t.co/COXeTYti3K";0;0;0;0;in;1310140377140084736;1695114084386263292;Ntanbaeya;https://twitter.com/Ntanbaeya/status/1695114084386263292
Fri Aug 25 16:38:38 +0000 2023;1695113465164447802;"-ness bujang bontot 3 masih buka?";0;1;0;1;in;1187284958370398209;1695113465164447802;unnesmenfess;https://twitter.com/unnesmenfess/status/1695113465164447802
Fri Aug 25 16:38:03 +0000 2023;1695113319320039526;"-jualaness galon+pompa elektrik 35k tapi gaada charger (usb) https://t.co/1XiaqPXnn3";0;3;0;1;in;1187284958370398209;1695113319320039526;unnesmenfess;https://twitter.com/unnesmenfess/status/1695113319320039526
Fri Aug 25 16:37:54 +0000 2023;1695113282879909968;"-jualaness NEW heels tinggi 3cm uk 40 harga normal 95k jual rugi 65k aja warna grey blm pernah dipake sama sekali empuk dijual krn di kakiku masi kekecilan https://t.co/KrdQBgM3Bv";0;0;0;0;in;1187284958370398209;1695113282879909968;unnesmenfess;https://twitter.com/unnesmenfess/status/1695113282879909968
Fri Aug 25 16:37:47 +0000 2023;1695113252945174535;"-ness ada yang bisa jastip geprek sekarang ga ya?";0;5;0;2;in;1187284958370398209;1695113252945174535;unnesmenfess;https://twitter.com/unnesmenfess/status/1695113252945174535
Fri Aug 25 16:36:26 +0000 2023;1695112910446760098;"-jualaness  siap antar sampe depan kos area unnes. Barang masih new semua https://t.co/GSm3mGM6BC";0;0;0;0;in;1187284958370398209;1695112910446760098;unnesmenfess;https://twitter.com/unnesmenfess/status/1695112910446760098
Fri Aug 25 16:34:36 +0000 2023;1695112450813878769;"-ness info jastip yg masih ready maseh";0;4;0;0;in;1187284958370398209;1695112450813878769;unnesmenfess;https://twitter.com/unnesmenfess/status/1695112450813878769
Fri Aug 25 16:34:33 +0000 2023;1695112436540682314;"-jualaness minat rep aja yaa nanti aku dm bisa anter ampe depan kostğŸ˜‰ğŸ˜‰ https://t.co/xCIRZwe4EB";0;1;0;0;in;1187284958370398209;1695112436540682314;unnesmenfess;https://twitter.com/unnesmenfess/status/1695112436540682314
Fri Aug 25 16:34:10 +0000 2023;1695112340956668346;"-jualaness Ready stock. Semuanya ori dan barang baru tapi dijamin barang lebih murah dari tempat lain!!!  (titipan) https://t.co/ZHiKb4kSe4";0;0;0;0;in;1187284958370398209;1695112340956668346;unnesmenfess;https://twitter.com/unnesmenfess/status/1695112340956668346
Fri Aug 25 16:34:07 +0000 2023;1695112330223518131;"-ness makan apaa yaa yang masi buka selain burjo?";0;3;0;1;in;1187284958370398209;1695112330223518131;unnesmenfess;https://twitter.com/unnesmenfess/status/1695112330223518131
Fri Aug 25 16:32:34 +0000 2023;1695111938743906337;"sedih bgt dn smua org hrus tau, gweh abis di gaslight sm stpam unnes shitğŸ˜”â¤â€ğŸ©¹";0;0;0;0;in;1456839194030968832;1695111938743906337;cheezeccakeu;https://twitter.com/cheezeccakeu/status/1695111938743906337
Fri Aug 25 16:31:25 +0000 2023;1695111647227187673;"Semoga di tempatkan di UNNES ya allooooooh.... https://t.co/l9A2ZUafq4";0;1;0;8;in;3230717931;1695111647227187673;Ya_embohlo;https://twitter.com/Ya_embohlo/status/1695111647227187673
Fri Aug 25 16:30:46 +0000 2023;1695111486585409562;"@unnesmenfess Aaa pengennn dari dulu nyariin nasi bakar di sekitar unnes gatau di manağŸ˜";0;0;0;0;in;777823147403816961;1694876023828193716;diemjangankepo;https://twitter.com/diemjangankepo/status/1695111486585409562
Fri Aug 25 16:30:14 +0000 2023;1695111349800690006;"@unnesmenfess mau titip menfess ada ga ya";0;1;0;0;in;1255410680120958980;1695111141113135453;bekindyyy;https://twitter.com/bekindyyy/status/1695111349800690006
Fri Aug 25 16:29:24 +0000 2023;1695111141113135453;"-ness info adopt kucing dong gengs. Kucing apa aja yg pnting ori bisa ngeong";0;5;0;0;in;1187284958370398209;1695111141113135453;unnesmenfess;https://twitter.com/unnesmenfess/status/1695111141113135453
Fri Aug 25 16:28:35 +0000 2023;1695110935789322349;"-jualaness new masih segelan, diangkut yukk yg mau rep aja nanti sender dm https://t.co/dP3smKmPWe";0;0;0;4;in;1187284958370398209;1695110935789322349;unnesmenfess;https://twitter.com/unnesmenfess/status/1695110935789322349
Fri Aug 25 16:27:36 +0000 2023;1695110688451293478;"@unnesmenfess ORI nggak nyampe 200k (jgn beli disekitar Unnes aja) Yok tanggung jawab";0;0;0;0;in;2576858468;1695026362036498937;syaif38;https://twitter.com/syaif38/status/1695110688451293478
Fri Aug 25 16:26:07 +0000 2023;1695110316781355047;"@unnesmenfess MAUUUUUUU PLISSSS DM AAKUUUU";0;0;0;0;in;1131456318047281152;1695040074290012666;aaaa7___;https://twitter.com/aaaa7___/status/1695110316781355047
Fri Aug 25 16:24:04 +0000 2023;1695109801020465300;"-jualaness rak tingkat mini new ready banyak only 5k/pcs. yang mau rep aja nanti aku dm https://t.co/hWzg4N9Fca";0;62;0;20;in;1187284958370398209;1695109801020465300;unnesmenfess;https://twitter.com/unnesmenfess/status/1695109801020465300
Fri Aug 25 16:23:34 +0000 2023;1695109672309796996;"-ness info web yg bisa download skripsi tanpa ribet ngisi username, password, daftar ini itu";0;0;0;13;in;1187284958370398209;1695109672309796996;unnesmenfess;https://twitter.com/unnesmenfess/status/1695109672309796996
Fri Aug 25 16:19:38 +0000 2023;1695108684991664287;"-ness adakah yg mau kipas ini free? tapi dh rusak, jadi nanti service sendiri dulu gitu. klo mau ambil aja dikost yaw https://t.co/TP6pUJwCL3";0;5;0;1;in;1187284958370398209;1695108684991664287;unnesmenfess;https://twitter.com/unnesmenfess/status/1695108684991664287
Fri Aug 25 16:18:42 +0000 2023;1695108449762513002;"-jualaness kalau aku open order bento cake start from 25k dengan pilihan 3 ukuran, masih ada yang mau gak ya? Hihi https://t.co/IYjVep1oS3";4;168;24;321;in;1187284958370398209;1695108449762513002;unnesmenfess;https://twitter.com/unnesmenfess/status/1695108449762513002
Fri Aug 25 16:13:58 +0000 2023;1695107257372217771;"-ness prelvd setting spray sea makeup baru 1x pake aja 50k https://t.co/obRrIhmDoa";0;1;0;1;en;1187284958370398209;1695107257372217771;unnesmenfess;https://twitter.com/unnesmenfess/status/1695107257372217771
Fri Aug 25 16:13:30 +0000 2023;1695107141332607326;"-jualaness masker duckbill hitam/putih 10k/box free antar sampai kosss https://t.co/AdzXstSHEt";0;3;0;5;in;1187284958370398209;1695107141332607326;unnesmenfess;https://twitter.com/unnesmenfess/status/1695107141332607326
Fri Aug 25 16:11:55 +0000 2023;1695106742768853331;"-jualaness 25k aja, bisa antar kos https://t.co/K8qC7izoqr";0;0;0;1;in;1187284958370398209;1695106742768853331;unnesmenfess;https://twitter.com/unnesmenfess/status/1695106742768853331
Fri Aug 25 16:10:53 +0000 2023;1695106481987920174;"@collegemenfess UII penyelamat skripsiku sm unnes sih";0;1;1;109;in;1639489013726990339;1695029802829529456;ddongbaeksi;https://twitter.com/ddongbaeksi/status/1695106481987920174
Fri Aug 25 16:10:48 +0000 2023;1695106462857724221;"-ness jstip kebab bisa sekarang keluar sertakan fee";0;3;0;0;in;1187284958370398209;1695106462857724221;unnesmenfess;https://twitter.com/unnesmenfess/status/1695106462857724221
Fri Aug 25 16:10:40 +0000 2023;1695106427667542100;"-jualaness reply for order guyssğŸ¥°ğŸ˜‹ğŸ¤ªğŸ¤ªğŸ¤ªğŸ¤ª https://t.co/iiFCwVZhC5";0;0;0;0;en;1187284958370398209;1695106427667542100;unnesmenfess;https://twitter.com/unnesmenfess/status/1695106427667542100
Fri Aug 25 16:10:14 +0000 2023;1695106319689421102;"-jualaness open jastip gacoan ready hari sabtu sore. close order besok pagi jam 9, bisa chat nomor yg tertera yaaâœ¨ https://t.co/S8QRrucJCG";0;1;2;10;in;1187284958370398209;1695106319689421102;unnesmenfess;https://twitter.com/unnesmenfess/status/1695106319689421102
Fri Aug 25 16:08:41 +0000 2023;1695105926448226558;"-jualaness sebelum bobo siapa tau ada yang bingung milih kado sidang dll. Silakan kaka snack parcel nya ğŸ˜™ https://t.co/RGofBWlfzE";0;0;0;6;in;1187284958370398209;1695105926448226558;unnesmenfess;https://twitter.com/unnesmenfess/status/1695105926448226558
Fri Aug 25 16:06:48 +0000 2023;1695105452475023835;"-jualaness angkut yukk barang New semuaa https://t.co/M9e93Cf7FT";0;1;0;0;in;1187284958370398209;1695105452475023835;unnesmenfess;https://twitter.com/unnesmenfess/status/1695105452475023835
Fri Aug 25 16:06:18 +0000 2023;1695105328592126094;"-jualaness Acne Care Setting Powder Sea Makeup kondisi baru. Dijual karena salah beli produk. Yang minat bisa reply aja yaa nderr. Area UNNES aku anter sampe kostt https://t.co/ehPT1X7vjf";0;1;0;2;in;1187284958370398209;1695105328592126094;unnesmenfess;https://twitter.com/unnesmenfess/status/1695105328592126094
Fri Aug 25 16:05:51 +0000 2023;1695105213949169723;"-jualaness Boci instan ready tiap hari, bisa langsung wa yaağŸ¥°ğŸ‘Œ https://t.co/nTpGRvN0yp";0;0;0;0;in;1187284958370398209;1695105213949169723;unnesmenfess;https://twitter.com/unnesmenfess/status/1695105213949169723
Fri Aug 25 16:05:11 +0000 2023;1695105047506596033;"-jualaness halooo, open jastip mie gacoan ready Sabtu jam 19.00, bisa di keep dulu dr sekarang, tengkyuuâœ¨ https://t.co/IhA5oT2f3O";0;0;0;4;in;1187284958370398209;1695105047506596033;unnesmenfess;https://twitter.com/unnesmenfess/status/1695105047506596033
Fri Aug 25 16:02:21 +0000 2023;1695104334386925837;"-jualaness UP UP UP yang ready kompor, setrika, rice cooker dan masih banyak lagi. Langsung aja ke @.seken.ness https://t.co/zhAXlYmCKi";0;0;0;5;in;1187284958370398209;1695104334386925837;unnesmenfess;https://twitter.com/unnesmenfess/status/1695104334386925837
Fri Aug 25 16:02:10 +0000 2023;1695104289583296519;"nomaden stuff msh buka gasih jam seginiiğŸ¥²ğŸ¥² -ness";0;2;0;1;in;1187284958370398209;1695104289583296519;unnesmenfess;https://twitter.com/unnesmenfess/status/1695104289583296519
Fri Aug 25 16:02:02 +0000 2023;1695104256226033699;"-jualaness kuy angkutt 50k â˜ºï¸ https://t.co/ZcorZsr81G";0;14;0;1;in;1187284958370398209;1695104256226033699;unnesmenfess;https://twitter.com/unnesmenfess/status/1695104256226033699
Fri Aug 25 16:01:22 +0000 2023;1695104087677906977;"-jualaness Hai gess besok ready nasi cokot isi ayam suwir kemangi nihh. Buat yang pingin makan simpel tapi murah dan langsung dikirim ke kos langsung rep aja yaa. Nanti aku DM. Terimakasih ğŸŒ» https://t.co/U9MVcI1Ywx";0;1;0;1;in;1187284958370398209;1695104087677906977;unnesmenfess;https://twitter.com/unnesmenfess/status/1695104087677906977
Fri Aug 25 16:00:04 +0000 2023;1695103758005629294;"hidup lagi cape capenya malah doi ketahuan selingkuh:)  Opet mana lagi yg harus ku percaya -ness  Baru kali ini ngerasain rasanya diselingkuhin, sampe gemeteran ğŸ˜­";0;6;0;15;in;1187284958370398209;1695103758005629294;unnesmenfess;https://twitter.com/unnesmenfess/status/1695103758005629294
Fri Aug 25 15:59:44 +0000 2023;1695103675134570691;"-ness guys ada yg saat ini lg di jabodetabek gak? Sender mau minta tolong sesuatu nnti ada feenya";0;0;0;0;in;1187284958370398209;1695103675134570691;unnesmenfess;https://twitter.com/unnesmenfess/status/1695103675134570691
Fri Aug 25 15:58:38 +0000 2023;1695103400403419514;"-ness INFO BOCI YG MASIH BUKA PLISSS???? ATAU DISINI ADA YG JUAL MENTAHAN YG 8RBAN ITU MAU DONGGG";0;4;0;0;in;1187284958370398209;1695103400403419514;unnesmenfess;https://twitter.com/unnesmenfess/status/1695103400403419514
Fri Aug 25 15:53:47 +0000 2023;1695102177734463608;"-ness esteh 3ribuan jam segini masih buka dimana?";0;4;0;0;in;1187284958370398209;1695102177734463608;unnesmenfess;https://twitter.com/unnesmenfess/status/1695102177734463608
Fri Aug 25 15:52:40 +0000 2023;1695101898138018175;"-jualaness Hai gaess yang suka cemal cemil pesen Snack Platter di akuu aja murah meriah bisa anter kos. Minat rep ya nanti aku DM ğŸŒ» https://t.co/e6v4ct349j";0;3;0;9;in;1187284958370398209;1695101898138018175;unnesmenfess;https://twitter.com/unnesmenfess/status/1695101898138018175
Fri Aug 25 15:51:43 +0000 2023;1695101658509013490;"Ingfo -ness yg ngekos di gg Pandawa https://t.co/eALCzzif2S";0;0;0;0;in;1187284958370398209;1695101658509013490;unnesmenfess;https://twitter.com/unnesmenfess/status/1695101658509013490
Fri Aug 25 15:51:26 +0000 2023;1695101586429923696;"-ness cilok queen masih buka ga yaww?";0;0;0;0;in;1187284958370398209;1695101586429923696;unnesmenfess;https://twitter.com/unnesmenfess/status/1695101586429923696
Fri Aug 25 15:51:01 +0000 2023;1695101481060577665;"-jualaness tabung gas melon 3kg kosong. Gak kepake dikos, tawar aja. Tapi ambil dikosku yaa di gg manggis https://t.co/XTsLwGjPue";0;8;0;0;in;1187284958370398209;1695101481060577665;unnesmenfess;https://twitter.com/unnesmenfess/status/1695101481060577665
Fri Aug 25 15:48:47 +0000 2023;1695100919623373301;"n0 Tertera! Tanya2 dulu juga boleeeeğŸ«¶ğŸ˜";0;0;0;0;in;1187284958370398209;1695100917551653278;unnesmenfess;https://twitter.com/unnesmenfess/status/1695100919623373301
Fri Aug 25 15:48:46 +0000 2023;1695100917551653278;"-ness ADA KABAR BAHAGIA buat kalianğŸ‰âœ¨ï¸ Inshaallah AmanahğŸ˜‡ğŸ˜Š aku kasih bocoran lagi 1x uji normalitas 50k udh gratis di manipulasi dan file skripsimu di turnitin smpe 20 persen kebawah CUMAN 100k. Semuanya gratis REVISI 2X yah. Lumayan kann buruann ORDER di  (cont..) https://t.co/sKz1EoaLEe";0;1;0;1;in;1187284958370398209;1695100917551653278;unnesmenfess;https://twitter.com/unnesmenfess/status/1695100917551653278
Fri Aug 25 15:48:26 +0000 2023;1695100833908855012;"-jualaness Jika cocok dengan harga kami silahkan order ya Kaka-Kaka, nantikan promo menarik di Bulan Agustus. 2.200++ customer OJLINE, Pelayanan 5600++ orderan sudah terlaksana bisa cek di sosial media kami atau tanya tanya via cp kami âœ¨ https://t.co/MKbD4cVTQy";0;0;0;1;in;1187284958370398209;1695100833908855012;unnesmenfess;https://twitter.com/unnesmenfess/status/1695100833908855012
Fri Aug 25 15:45:59 +0000 2023;1695100215987147232;"-jualaness ready besokkk gess cuma 10k ajaa udah bisa makan enak. Bisa cod atau antar ke depan koss lohhh. Yuk buruan di order jan lupa di rep ya nanti aku DM ğŸŒ» https://t.co/Oa5FZs9LLe";0;1;0;5;in;1187284958370398209;1695100215987147232;unnesmenfess;https://twitter.com/unnesmenfess/status/1695100215987147232
Fri Aug 25 15:44:03 +0000 2023;1695099729796014478;"-ness ada yang mau bantu usirin kecoa dikos aku gakğŸ˜£";1;0;0;0;in;1187284958370398209;1695099729796014478;unnesmenfess;https://twitter.com/unnesmenfess/status/1695099729796014478
Fri Aug 25 15:42:08 +0000 2023;1695099244766745060;"anj gabut bgt di unnes kaga maen niat dari demak keunnes nyari tempat maen malah gd temen";0;0;0;1;in;1261364463086653443;1695099244766745060;makhlukkudet;https://twitter.com/makhlukkudet/status/1695099244766745060
Fri Aug 25 15:41:58 +0000 2023;1695099206376231171;"@ailemboi https://t.co/2TDFjsDjNe";0;0;0;0;qme;1591254963514408960;1695062141869371635;wmmakmur;https://twitter.com/wmmakmur/status/1695099206376231171
Fri Aug 25 15:41:36 +0000 2023;1695099113757688222;"-ness DIJUAL ADAPTOR BASEUS !!! foto realpict adaptor basesus. HB 139.000 HJ 120.000 (nego). https://t.co/a2BWQig3ub";0;0;0;0;in;1187284958370398209;1695099113757688222;unnesmenfess;https://twitter.com/unnesmenfess/status/1695099113757688222
Fri Aug 25 15:40:31 +0000 2023;1695098837940212145;"Mobil plat putih pke rotor terus klakson tat-tot-tat-tot, nyebelin gasi? Pen tak betot ndasmu, makin semangat buat tak tutupin jalannya pake motor, biar gabisa ugal-ugalan. Lo kira mobilmu keren? Norak sat -ness";0;0;0;4;in;1187284958370398209;1695098837940212145;unnesmenfess;https://twitter.com/unnesmenfess/status/1695098837940212145
Fri Aug 25 15:40:14 +0000 2023;1695098770671964227;"-jualaness gift bag nya kakk ayo di orderrrğŸ¥° https://t.co/eWQz7L5Nt3";0;7;0;3;tl;1187284958370398209;1695098770671964227;unnesmenfess;https://twitter.com/unnesmenfess/status/1695098770671964227
Fri Aug 25 15:39:54 +0000 2023;1695098685498212805;"-ness lagi musik sakit ya? ğŸ˜·";0;2;0;0;in;1187284958370398209;1695098685498212805;unnesmenfess;https://twitter.com/unnesmenfess/status/1695098685498212805
Fri Aug 25 15:38:52 +0000 2023;1695098424834875515;"@soangbaalap https://t.co/LVwXTrrOhy";0;0;0;0;qme;1591254963514408960;1695091031572983866;wmmakmur;https://twitter.com/wmmakmur/status/1695098424834875515
Fri Aug 25 15:37:44 +0000 2023;1695098137374081163;"Ralat -ness buat malam ini butuh banget ğŸ˜­ğŸ˜­ toko udah pada tutup, ayo ness bantu https://t.co/SUCymwnLMW";0;4;0;0;in;1187284958370398209;1695098137374081163;unnesmenfess;https://twitter.com/unnesmenfess/status/1695098137374081163
Fri Aug 25 15:37:21 +0000 2023;1695098043564188106;"-ness Eh masa ibuku dukung aku dapat jodoh yg punya kos-kosan si wkwk";0;1;0;0;in;1187284958370398209;1695098043564188106;unnesmenfess;https://twitter.com/unnesmenfess/status/1695098043564188106
Fri Aug 25 15:37:17 +0000 2023;1695098025167966262;"-ness ini fotonya ya gaes ya.. tadi lupa ngasih foto. Yang atas 50k, yang bawah 75k. Minat reply aja, nanti kuketuk dmmu !!! https://t.co/K1A6CXMpwq";1;0;0;0;in;1187284958370398209;1695098025167966262;unnesmenfess;https://twitter.com/unnesmenfess/status/1695098025167966262
Fri Aug 25 15:37:11 +0000 2023;1695098001205948775;"mw beli peralatan cuci piring + sunlight nya dongg yang under 10k ada ga siee? -ness https://t.co/kSEz8yCR1O";0;1;0;0;in;1187284958370398209;1695098001205948775;unnesmenfess;https://twitter.com/unnesmenfess/status/1695098001205948775
Fri Aug 25 15:36:48 +0000 2023;1695097904854429891;"-jualaness last call ya!! yang minat boleh rep mau yg mana.. ambil dikos sender di cempaka, soalnya sender ga ada motorğŸ‘ŒğŸ» https://t.co/JgABMPOdX4";0;9;0;2;in;1187284958370398209;1695097904854429891;unnesmenfess;https://twitter.com/unnesmenfess/status/1695097904854429891
Fri Aug 25 15:36:30 +0000 2023;1695097827008159967;"-jualaness barangkali ada yang mau angkut https://t.co/gahJSP8Hjd";0;3;0;0;in;1187284958370398209;1695097827008159967;unnesmenfess;https://twitter.com/unnesmenfess/status/1695097827008159967
Fri Aug 25 15:35:23 +0000 2023;1695097546610295093;"preloved buku pengantar akuntansi warren sama manajemen keuangan lukas nii -jualaness yuk ambil di kos sender rep aja nnti didm atau dilike buat dm dluan https://t.co/wxHoyhlYfD";0;4;0;3;in;1187284958370398209;1695097546610295093;unnesmenfess;https://twitter.com/unnesmenfess/status/1695097546610295093
Fri Aug 25 15:35:00 +0000 2023;1695097449604657621;"-ness info yang jual MASKER KF94 aku meh tukuuu";0;2;0;0;in;1187284958370398209;1695097449604657621;unnesmenfess;https://twitter.com/unnesmenfess/status/1695097449604657621
Fri Aug 25 15:34:55 +0000 2023;1695097430721871907;"-jualaness ness ayoo bantu beliii buat kosongin kamar semput kuu sudah penuh hehe yuu https://t.co/6hFTF1c2ah";0;7;0;2;in;1187284958370398209;1695097430721871907;unnesmenfess;https://twitter.com/unnesmenfess/status/1695097430721871907
Fri Aug 25 15:34:53 +0000 2023;1695097420542267398;"-ness ada yang mau ga beberapa jajanan sama beras sisa dikit ga kemakan lagi soalnya mau ninggal kos daripada dibuang sayang, tapi ambil ke kos ya https://t.co/chp39EqG6s";0;4;0;0;in;1187284958370398209;1695097420542267398;unnesmenfess;https://twitter.com/unnesmenfess/status/1695097420542267398
Fri Aug 25 15:33:35 +0000 2023;1695097096674951185;"-ness ada yang jualan paper bag kaya gini gak? Aku butuh banget buat besok ğŸ˜­ğŸ˜­ kalau ada besok pagi tak ambil https://t.co/fyTyWMMx0z";0;5;0;0;in;1187284958370398209;1695097096674951185;unnesmenfess;https://twitter.com/unnesmenfess/status/1695097096674951185
Fri Aug 25 15:33:03 +0000 2023;1695096962209796489;"-ness kesabaranku yg setipis tissue mulaiii arghhhj kalo pas motorann di unnes dan nemu kyak giniğŸ™‚ğŸ™ https://t.co/0FkT6GkUUZ";0;4;1;10;in;1187284958370398209;1695096962209796489;unnesmenfess;https://twitter.com/unnesmenfess/status/1695096962209796489
Fri Aug 25 15:31:39 +0000 2023;1695096610353734060;"-jualaness barangkali ada yg mau pl stand hanger kaya gini, bole reply yaa nanti sender dm. https://t.co/pltrNJEMuc";0;3;0;3;in;1187284958370398209;1695096610353734060;unnesmenfess;https://twitter.com/unnesmenfess/status/1695096610353734060
Fri Aug 25 15:30:01 +0000 2023;1695096199454548089;"-jualaness new onesett knit, baru lepas tag ajaa. Jual rugi 70k ajaaa besti (hb 125k) yang mau rep yaaaaw muciwwwww https://t.co/QY3p9626PX";0;0;0;2;in;1187284958370398209;1695096199454548089;unnesmenfess;https://twitter.com/unnesmenfess/status/1695096199454548089
Fri Aug 25 15:29:52 +0000 2023;1695096160560853115;"-jualaness yu yang cari premium apps full garansi ğŸ˜» bisa dibookmark dulu siapa tau nanti butuh ğŸ™†â€â™€ï¸ ğŸ™ŒğŸ» https://t.co/HxAA1F53NY";0;1;1;0;in;1187284958370398209;1695096160560853115;unnesmenfess;https://twitter.com/unnesmenfess/status/1695096160560853115
Fri Aug 25 15:28:41 +0000 2023;1695095862991659139;"Ada gasih yg open jastip minuman sekitar unnes jam segini :( badmood bgt :(( sedih";0;1;0;0;in;1075446287527424000;1695095862991659139;summersambac;https://twitter.com/summersambac/status/1695095862991659139
Fri Aug 25 15:25:27 +0000 2023;1695095048658948382;"@CNNIndonesia @suaramerdeka @undip kandang banteng mung mbalapan ae, bukan Jateng pada umumnya, banyak selain mbalapan dan sekitarnya yg masih waras.  @bemuns @11MaretUniv @BEMUndip_ @BEMFISIP_Undip @bemkm_ugm @bembiologi @lmpsiugm @unneskonservasi @FBS_UNNES";0;0;0;0;in;1438095698432385024;1695068564321955868;otomoyotoM;https://twitter.com/otomoyotoM/status/1695095048658948382
Fri Aug 25 15:23:10 +0000 2023;1695094474291208355;"-jualaness (titip) Preloved case iphone 11, masker, dll. Yukk yg minatt bisa komen ya, ntar sender dm https://t.co/TbYoyxnUxR";0;0;0;1;in;1187284958370398209;1695094474291208355;unnesmenfess;https://twitter.com/unnesmenfess/status/1695094474291208355
Fri Aug 25 15:21:45 +0000 2023;1695094116076716470;"-ness yang baru nyari penyewaan Kursi Lipat buat foto couple with doi or besti bisa kepoin IG nya shinesia.adv yaağŸ™ŒğŸ»ğŸ˜ https://t.co/V3eQeIZYW6";0;0;1;2;in;1187284958370398209;1695094116076716470;unnesmenfess;https://twitter.com/unnesmenfess/status/1695094116076716470
Fri Aug 25 15:21:31 +0000 2023;1695094058165948423;"@ssharchive @chimmyvvan @annxqnns @sbmptnfess halo kak, aku boleh tanya tanya ga soal tekkim unnes di dm???";0;0;0;0;in;1620287685255643136;1671270465539805184;tabelperiodik18;https://twitter.com/tabelperiodik18/status/1695094058165948423
Fri Aug 25 15:20:36 +0000 2023;1695093829312127101;"-jualaness blum dipake samsekk jual 35 aja dianter ampe kos https://t.co/fAFJMEKaeo";0;1;0;1;in;1187284958370398209;1695093829312127101;unnesmenfess;https://twitter.com/unnesmenfess/status/1695093829312127101
Fri Aug 25 15:18:56 +0000 2023;1695093407147020320;"-jualaness preloved kasur busa ukuran 200Ã—120 merk royal foam. barangkali minat bisa reply atau mau tanya2 dulu https://t.co/uBRlCmeYHe";0;5;0;1;in;1187284958370398209;1695093407147020320;unnesmenfess;https://twitter.com/unnesmenfess/status/1695093407147020320
Fri Aug 25 15:18:19 +0000 2023;1695093254344339623;"-jualaness preloved bukunya kakak, reply aja ya yg minat ğŸ«¶ğŸ» https://t.co/XfiwJP9iAQ";0;2;0;0;in;1187284958370398209;1695093254344339623;unnesmenfess;https://twitter.com/unnesmenfess/status/1695093254344339623
Fri Aug 25 15:17:48 +0000 2023;1695093121489727974;"-jualaness minat reply, langsung angkut aja wirr https://t.co/0dWVYgcESQ";0;4;0;4;in;1187284958370398209;1695093121489727974;unnesmenfess;https://twitter.com/unnesmenfess/status/1695093121489727974
Fri Aug 25 15:16:52 +0000 2023;1695092886344188024;"-ness ini ada info loker, minat hubungi nomor yang tertera aja https://t.co/67FfpW8flH";0;0;0;0;in;1187284958370398209;1695092886344188024;unnesmenfess;https://twitter.com/unnesmenfess/status/1695092886344188024
Fri Aug 25 15:16:05 +0000 2023;1695092692659962362;"-ness Buat story bukannya apa-apa, cuma mau nunjukin ke crush kalau aku baik-baik aja, masih seneng, masih bahagia, masih bisa menikmati hidup, saat tau dia udh ada pacar. Eh malah yg ngelike story ku temen deketnya";0;0;0;2;in;1187284958370398209;1695092692659962362;unnesmenfess;https://twitter.com/unnesmenfess/status/1695092692659962362
Fri Aug 25 15:16:01 +0000 2023;1695092676318937314;"-jualaness buat maba smt 1 angkutt niihh bskk lgsg cod nanti kalo minat aku dm yaa https://t.co/xPOzKN8fek";0;6;0;1;in;1187284958370398209;1695092676318937314;unnesmenfess;https://twitter.com/unnesmenfess/status/1695092676318937314
Fri Aug 25 15:16:00 +0000 2023;1695092672070082626;"-jualaness yg nyari skincare murmer yuu merapatğŸ™Œ https://t.co/1nQsOibu0f";0;3;0;0;in;1187284958370398209;1695092672070082626;unnesmenfess;https://twitter.com/unnesmenfess/status/1695092672070082626
Fri Aug 25 15:15:55 +0000 2023;1695092647143375045;"Titipan info tempat nugas di unnes yang enakk -ness";0;4;0;4;in;1187284958370398209;1695092647143375045;unnesmenfess;https://twitter.com/unnesmenfess/status/1695092647143375045
Fri Aug 25 15:14:42 +0000 2023;1695092340896231762;"-ness sender mfs ini mana ya? udah laku blm, kalo blm laku mau aku take. pls reply di komen kl masih ready";0;1;0;2;in;1187284958370398209;1695092340896231762;unnesmenfess;https://twitter.com/unnesmenfess/status/1695092340896231762
Fri Aug 25 15:14:36 +0000 2023;1695092316451860644;"dijual kaos kaki sambung futsal/sepak bola, baru di buka alesan jual kepanjangan. 44 jadi berapa negoin aja -jualaness https://t.co/iSvu9hDkJl";0;0;0;0;in;1187284958370398209;1695092316451860644;unnesmenfess;https://twitter.com/unnesmenfess/status/1695092316451860644
Fri Aug 25 15:14:19 +0000 2023;1695092247967240219;"@unnesmenfess https://t.co/4mqCeabOud";0;0;0;0;qme;1639554372953620480;1695092097769181668;ojekkilat86;https://twitter.com/ojekkilat86/status/1695092247967240219
Fri Aug 25 15:13:44 +0000 2023;1695092097769181668;"Boleh di save dulu barangkali bisa bantu mengelesaikan Tugas kami bantu biar ga pusing ğŸ¤Œ  -J00kiin aja -  -jualaness";0;1;0;1;in;1187284958370398209;1695092097769181668;unnesmenfess;https://twitter.com/unnesmenfess/status/1695092097769181668
Fri Aug 25 15:13:21 +0000 2023;1695092002860511455;"-jualaness yukk preloved buku akm 2, akb, auditing jilid 1-2, makro ekonomi, akuntansi pajak, manajemen strategik, managemen risiko sama statistika ekonomi nyaağŸ™ŒğŸ™Œ start 15k ajaa https://t.co/wkrS2Y1QFZ";0;7;0;1;in;1187284958370398209;1695092002860511455;unnesmenfess;https://twitter.com/unnesmenfess/status/1695092002860511455
Fri Aug 25 15:10:13 +0000 2023;1695091216294252699;"-ness infoin yg jual cat kiloan kaya gini dong beserta pricelist &amp  jam bukanya di sekitar gunpat-sampangan. Makasihh https://t.co/Z16zZY60jc";0;0;0;8;in;1187284958370398209;1695091216294252699;unnesmenfess;https://twitter.com/unnesmenfess/status/1695091216294252699
Fri Aug 25 15:09:12 +0000 2023;1695090958160072860;"hai guyss, aku mau jual barang-barang di kost yg ga kepake nih. kondisi masih bagus ya, kalau minat lgsg reply aja nanti aku dm. klo mau liat lgsg juga bisa, nanti dateng ke kostan aku.Â thankyouuâ£ğŸ¥° -jualaness https://t.co/zXYPOPNwqF";0;6;2;5;in;1187284958370398209;1695090958160072860;unnesmenfess;https://twitter.com/unnesmenfess/status/1695090958160072860
Fri Aug 25 15:08:26 +0000 2023;1695090765108810175;"[MEDPART]  Hallo Teman Pesta  Siapa yang udah ga sabar nonton Guest Star kita nih?  Coba sebutin siapa yang pengin kalian tonton, atau mau semuanya ğŸ¤”  Kalau belum punya tiketnya bisa klik link https://t.co/WepLljNEb3 Pesta23 yaaa  Sampai ketemu di Pekan Pesta!! ğŸŒ²ğŸ’šğŸŒ³ğŸª´â€¦ https://t.co/8NS9lkPk6u";0;0;0;3;in;1187284958370398209;1695090765108810175;unnesmenfess;https://twitter.com/unnesmenfess/status/1695090765108810175
Fri Aug 25 15:08:14 +0000 2023;1695090716303819035;"anak unnes yg weekend nya okpt : ğŸ˜ğŸ˜ğŸ˜";0;0;0;0;in;1612048177519276037;1695090716303819035;thisamisu;https://twitter.com/thisamisu/status/1695090716303819035
Fri Aug 25 15:07:42 +0000 2023;1695090581087944764;"-jualaness update stock gzzz. Bisa cod/anter sampe depan koss ya gzz https://t.co/LPrrI4noHV";0;4;0;1;de;1187284958370398209;1695090581087944764;unnesmenfess;https://twitter.com/unnesmenfess/status/1695090581087944764
Fri Aug 25 15:06:50 +0000 2023;1695090364984799468;"-ness aku punya temen posisi ga terlalu deket, dia tinggal dibawah terus minta tolong nitip sesuatu kalo aku ke unnes terus bawain ke dia dibawah, kalo kalian jadi aku gimana?";0;7;0;0;in;1187284958370398209;1695090364984799468;unnesmenfess;https://twitter.com/unnesmenfess/status/1695090364984799468
Fri Aug 25 15:06:19 +0000 2023;1695090235137474886;"-jualaness ada yg mau gantiin gak guys dibawah harga baru. Masih baru belum pernah dipake keluar, salah size drpd di anggurin. Size 38. Yg mau tanya2 rep aja nnti aku dm. Thx https://t.co/NwpUSFAc00";0;0;0;1;in;1187284958370398209;1695090235137474886;unnesmenfess;https://twitter.com/unnesmenfess/status/1695090235137474886
Fri Aug 25 15:05:53 +0000 2023;1695090123556475072;"-ness aku ada tiket fest A 4 175k aja udah tiket fisik, gajadi nonton karena ada acara https://t.co/wBpqVdOfum";0;2;0;0;in;1187284958370398209;1695090123556475072;unnesmenfess;https://twitter.com/unnesmenfess/status/1695090123556475072
Fri Aug 25 15:05:40 +0000 2023;1695090068434944207;"-jualaness masih ada nih, boleh nego ya";0;0;0;0;in;1187284958370398209;1695090068434944207;unnesmenfess;https://twitter.com/unnesmenfess/status/1695090068434944207
Fri Aug 25 15:04:16 +0000 2023;1695089717350633917;"-jualaness yg lagi ngidam gerownies kita ready nihh, cp ada di pict yaaâœ¨ https://t.co/tIqN2iNqxU";0;0;0;1;in;1187284958370398209;1695089717350633917;unnesmenfess;https://twitter.com/unnesmenfess/status/1695089717350633917
Fri Aug 25 15:03:50 +0000 2023;1695089608470802702;"-jualaness save dulu, siapa tau besok butuh hehe  &gt &gt Single buket start 10k &gt &gt Buket snack start 25k ğŸ“Patemon https://t.co/ewWpQHI92Z";0;0;0;5;in;1187284958370398209;1695089608470802702;unnesmenfess;https://twitter.com/unnesmenfess/status/1695089608470802702
Fri Aug 25 15:01:43 +0000 2023;1695089073936036300;"fuck unnes honestly kecuali my one relative there yg baik hati bgt pasti bawain peyek kacang ğŸ˜­ğŸ˜­ğŸ˜­";0;0;0;0;in;1138745358165524480;1695089073936036300;icarusthrive;https://twitter.com/icarusthrive/status/1695089073936036300
Fri Aug 25 15:00:48 +0000 2023;1695088844562117115;"ada yang punya payung hitam dan bisa dipinjam untuk besok gak -ness";0;1;0;0;in;1187284958370398209;1695088844562117115;unnesmenfess;https://twitter.com/unnesmenfess/status/1695088844562117115
Fri Aug 25 14:58:36 +0000 2023;1695088289852874935;"-ness info ojek yg ready skrg dong Perlu dianter dr unnes ke manoreh ini";0;2;0;0;in;1187284958370398209;1695088289852874935;unnesmenfess;https://twitter.com/unnesmenfess/status/1695088289852874935
Fri Aug 25 14:56:33 +0000 2023;1695087774473597386;"-ness ingfo yg pnya baret cowo dong, makasih (titipan) https://t.co/vVes5QHkcL";0;0;0;0;in;1187284958370398209;1695087774473597386;unnesmenfess;https://twitter.com/unnesmenfess/status/1695087774473597386
Fri Aug 25 14:52:52 +0000 2023;1695086846643171611;"-ness tugasmu menumpuk? keteteran? bingung mau ngerjain yg mana dulu? sini sini siniiiiii deeehhhhh https://t.co/LI1eawdurE";0;0;0;4;in;1187284958370398209;1695086846643171611;unnesmenfess;https://twitter.com/unnesmenfess/status/1695086846643171611
Fri Aug 25 14:51:07 +0000 2023;1695086406048338246;"-ness yg suka ikut mun, aku ada info mun nih https://t.co/xakXOt6wmC";0;0;0;0;in;1187284958370398209;1695086406048338246;unnesmenfess;https://twitter.com/unnesmenfess/status/1695086406048338246
Fri Aug 25 14:51:04 +0000 2023;1695086397257085054;"-ness rokok berry/click yg enak dan murah apa ya? selain la purpleboost ya";0;3;0;0;in;1187284958370398209;1695086397257085054;unnesmenfess;https://twitter.com/unnesmenfess/status/1695086397257085054
Fri Aug 25 14:50:12 +0000 2023;1695086177450357166;"-jualaness cleora beauty exfoliating gel, hb 55.900 beli di shop*e toko yg star+, belum dipake samsek, beli karena fomo, dijual karena setelah liat, ada kandungan vit.c ga cocok di kulit aku yg sensitif. Aku jual rugi 45k, minat rep aja, siap anter sampe kos https://t.co/iwYdeHzwUS";0;0;0;1;in;1187284958370398209;1695086177450357166;unnesmenfess;https://twitter.com/unnesmenfess/status/1695086177450357166
Fri Aug 25 14:48:56 +0000 2023;1695085860532961654;"Setelah nyimak kasus di UNS, ternyata UNNES agak lebih mendingğŸ¤";0;0;0;0;in;1207320716892196864;1695085860532961654;Heyitsveen;https://twitter.com/Heyitsveen/status/1695085860532961654
Fri Aug 25 14:47:23 +0000 2023;1695085468986302872;"@olilygoriginal Kowe ki po reti tembalang, wong unnes kowe ki";0;1;0;0;in;742333837;1695085148558311841;farisabd1;https://twitter.com/farisabd1/status/1695085468986302872
Fri Aug 25 14:45:05 +0000 2023;1695084888402346004;"@unnesmenfess gmn ga dket2 jalan raya ya, org gada space buat pejalan kaki, asli ga ramah pejalan kaki bgt jalanan di unnes tuh, mana jalanan sempit, kendaraannya makin banyak, morat marit rosone nder";0;0;0;76;in;1065066571654029313;1694986790229450762;dindaayuwr;https://twitter.com/dindaayuwr/status/1695084888402346004
Fri Aug 25 14:44:02 +0000 2023;1695084626828771676;"-jualaness Hai gaess yokk siapa lagi yang mau ikut PO, ready Jum'at depan (bisa lebih cepet). Bisa cod dan antar kos. Pembelian minimal 2 item free antar kos lohh. Yg minat bisa Rep ya nanti aku DM, maaciw ğŸŒ» https://t.co/2EWHybTFAH";0;7;1;4;in;1187284958370398209;1695084626828771676;unnesmenfess;https://twitter.com/unnesmenfess/status/1695084626828771676
Fri Aug 25 14:40:39 +0000 2023;1695083773522768094;"Couple session photoshoot â¤â¤  Mua ungaran semarang salatiga gunungpati tembalang Makeup wisuda unnes undip udinus uin ngudiwaluyo unwahas   Makeup prewedding photoshoot engagement https://t.co/MxtaDlXUet";0;0;0;0;in;1672605412133322757;1695083773522768094;muanismakeup;https://twitter.com/muanismakeup/status/1695083773522768094
Fri Aug 25 14:36:51 +0000 2023;1695082816642687239;"Aksesoris manikÂ²nya kakak ğŸ¥°ğŸ«¶ -jualaness https://t.co/I9qSILSdoD";0;9;0;4;in;1187284958370398209;1695082816642687239;unnesmenfess;https://twitter.com/unnesmenfess/status/1695082816642687239
Fri Aug 25 14:35:24 +0000 2023;1695082453948654016;"@unnesmenfess @nxxxa06 @jeonghanwangy aku gabisa ajak ayang, aku mau ajak kalian aja ğŸ¥ºğŸ‘‰ğŸ‘ˆ";0;1;0;0;in;1545283463875416066;1695055556875362670;Arsonist_Hope;https://twitter.com/Arsonist_Hope/status/1695082453948654016
Fri Aug 25 14:30:57 +0000 2023;1695081333251571894;"@unnesmenfess Berapa nder ?";0;1;0;0;in;1639554372953620480;1695076348279357570;ojekkilat86;https://twitter.com/ojekkilat86/status/1695081333251571894
Fri Aug 25 14:29:26 +0000 2023;1695080951397990472;"-jualaness preğŸ’› Celana jeans unfinished highwaist(MASIH BARU) lulujeans. Jual rugi 65k aja. size M. blm pernah dipake samsek. minat reply aja nnt aku dm~ https://t.co/Nte1FwNl53";0;0;0;1;in;1187284958370398209;1695080951397990472;unnesmenfess;https://twitter.com/unnesmenfess/status/1695080951397990472
Fri Aug 25 14:29:18 +0000 2023;1695080916904010018;"Yu dibeli, ukuran 37 baru dipake 2-3x. Aku jual murah aja deh soalnya gada space lg dikamar. Satuannya 20k, ambil semua 50k ajaaa -jualaness https://t.co/mhS4QtEMQ5";0;4;0;1;in;1187284958370398209;1695080916904010018;unnesmenfess;https://twitter.com/unnesmenfess/status/1695080916904010018
Fri Aug 25 14:28:40 +0000 2023;1695080760074780985;"-jualaness yuu di borong bukunya, bisa rep di komenğŸ«¶ https://t.co/UTejVBTDw1";0;2;0;2;in;1187284958370398209;1695080760074780985;unnesmenfess;https://twitter.com/unnesmenfess/status/1695080760074780985
Fri Aug 25 14:28:14 +0000 2023;1695080647952630154;"-ness tolong infoin nobar aff buat besok dongg, klo ada pernobaran duniawii ingpo ingpoo yaa ness ğŸ¥²ğŸ™ğŸ» https://t.co/RP5iC6amMo";0;1;0;10;in;1187284958370398209;1695080647952630154;unnesmenfess;https://twitter.com/unnesmenfess/status/1695080647952630154
Fri Aug 25 14:27:33 +0000 2023;1695080478548873616;"KAN BENER!! ZOOM UNNES GA BISA AKSES FILTER ğŸ¤¬ğŸ¤¬";0;0;0;0;in;1363314296504000520;1695080478548873616;eileithiia_;https://twitter.com/eileithiia_/status/1695080478548873616
Fri Aug 25 14:27:29 +0000 2023;1695080460505014607;"sayang untuk dilewatkanğŸ§¡  Kalau masih bingung, tanya Bombom dulu yuk!   Sampai jumpa depan pintu sobat mager ğŸ›µğŸ‘‹ğŸ»";0;0;0;0;in;1187284958370398209;1695080458764312847;unnesmenfess;https://twitter.com/unnesmenfess/status/1695080460505014607
Fri Aug 25 14:27:29 +0000 2023;1695080458764312847;"HALO SEMUA -ness ,   Si bombom delivery service telah hadir di UNNES dan sekitarnya. Buat sobat mager dimanapun kalian berada yuk pakai bombom buat anterin keperluan kamu dan bisa anjem juga yaaa. Lebih cepat, praktis, dan tidak menggangu waktu rebahan mu yang sangat  (cont..) https://t.co/oeqfbZ1xRC";0;1;0;5;in;1187284958370398209;1695080458764312847;unnesmenfess;https://twitter.com/unnesmenfess/status/1695080458764312847
Fri Aug 25 14:26:55 +0000 2023;1695080317055578614;"-jualaness Minat langsung wa nomer tertera, ready Senin yaa https://t.co/VaY9yU8kDd";1;0;1;8;in;1187284958370398209;1695080317055578614;unnesmenfess;https://twitter.com/unnesmenfess/status/1695080317055578614
Fri Aug 25 14:25:21 +0000 2023;1695079922078007732;"-jualaness preloved galon aqua &amp  panci listrik masing masing 30k aja. Yang minat langsung reply ya https://t.co/kK66M4pU5J";0;7;0;1;tl;1187284958370398209;1695079922078007732;unnesmenfess;https://twitter.com/unnesmenfess/status/1695079922078007732
Fri Aug 25 14:25:15 +0000 2023;1695079897784561868;"-ness bang mail masi buka gak?";0;0;0;0;in;1187284958370398209;1695079897784561868;unnesmenfess;https://twitter.com/unnesmenfess/status/1695079897784561868
Fri Aug 25 14:24:02 +0000 2023;1695079593211036067;"-jualaness case ip 13 only 10k aja. baru banget dateng tp hp nya keburu ilang nessğŸ˜– https://t.co/3aXzAPuiYH";0;0;0;0;in;1187284958370398209;1695079593211036067;unnesmenfess;https://twitter.com/unnesmenfess/status/1695079593211036067
Fri Aug 25 14:23:37 +0000 2023;1695079485467746623;"-jualaness angkut deh harga berapa aja. Tas jimshoney nggk pernah d pake sama sekali tpi packingnya udah gk ada https://t.co/x9OSh9xwAZ";0;3;0;1;in;1187284958370398209;1695079485467746623;unnesmenfess;https://twitter.com/unnesmenfess/status/1695079485467746623
Fri Aug 25 14:23:09 +0000 2023;1695079370266968413;"-jualaness Edisi mau ngurangi stok skincare. Underprice jauh dari harga store. Drop reply nanti sender DM ya ğŸ“© https://t.co/0hA6w29ali";0;5;0;2;in;1187284958370398209;1695079370266968413;unnesmenfess;https://twitter.com/unnesmenfess/status/1695079370266968413
Fri Aug 25 14:20:47 +0000 2023;1695078776143790461;"-jualaness ayo segera order sebelum jumat yang berkah nan indah ini berakhir  (ready tgl 31) https://t.co/A6N6AhPy2v";0;1;0;0;in;1187284958370398209;1695078776143790461;unnesmenfess;https://twitter.com/unnesmenfess/status/1695078776143790461
Fri Aug 25 14:18:47 +0000 2023;1695078271321583956;"-jualaness [Titipan] Sewa papan bunga akrilik  Free ongkir area kampus unnes gunungpati. Design ucapan dan bunga bisa request @.the_bloomrooms  Yuk, langsung booking guys!ğŸª·âœ¨ https://t.co/cwKFMoCLEi";0;0;0;6;in;1187284958370398209;1695078271321583956;unnesmenfess;https://twitter.com/unnesmenfess/status/1695078271321583956
Fri Aug 25 14:18:18 +0000 2023;1695078150097838533;"-ness jujur jujuran info WiFi yg stabil walaupun dipake rame2 orng masih connect/ jaringan ga ilang walaupun speed nya jadi ga kenceng, contoh lagi zoom ga tiba2 keluar sendiri";0;4;0;0;in;1187284958370398209;1695078150097838533;unnesmenfess;https://twitter.com/unnesmenfess/status/1695078150097838533
Fri Aug 25 14:17:58 +0000 2023;1695078066173907091;"-ness Jual kabel data type C 30k ajaaaa, baru beli bgttt belum dipake https://t.co/VZrQP7n0Ne";0;0;0;0;in;1187284958370398209;1695078066173907091;unnesmenfess;https://twitter.com/unnesmenfess/status/1695078066173907091
Fri Aug 25 14:16:59 +0000 2023;1695077817120342280;"ges dibeli OXVA XLIM SE jual murah 250 aja, udah satu set sama 3 liquid, spesifikasi lengkap bisa di dm -jualaness https://t.co/FKDuWHkPkY";0;0;0;2;in;1187284958370398209;1695077817120342280;unnesmenfess;https://twitter.com/unnesmenfess/status/1695077817120342280
Fri Aug 25 14:16:21 +0000 2023;1695077660014350428;"-ness AKU MAU JUAL KABEL DATA BASEUS TYPE C KE TYPE C, KIRA-KIRA ADA YANG MINAT GAK YA?? AKU ADA 2 BIJI GAK KEPAKE";1;1;0;0;in;1187284958370398209;1695077660014350428;unnesmenfess;https://twitter.com/unnesmenfess/status/1695077660014350428
Fri Aug 25 14:15:41 +0000 2023;1695077488903463206;"-ness tolong ga harus yg 24jm deh gpp penting yg bisa pakai qrisğŸ¥¹";0;5;0;1;in;1187284958370398209;1695077488903463206;unnesmenfess;https://twitter.com/unnesmenfess/status/1695077488903463206
Fri Aug 25 14:12:10 +0000 2023;1695076606975607203;"-jualaness yg masih nyari buku statistik bisa repğŸ™Œ https://t.co/orR21Uo99K";0;0;0;2;in;1187284958370398209;1695076606975607203;unnesmenfess;https://twitter.com/unnesmenfess/status/1695076606975607203
Fri Aug 25 14:11:09 +0000 2023;1695076348279357570;"-ness jual murah aja ngabisin stok, masih new segelann. nego sampe jadi https://t.co/aipaadFxU2";0;3;0;1;in;1187284958370398209;1695076348279357570;unnesmenfess;https://twitter.com/unnesmenfess/status/1695076348279357570
Fri Aug 25 14:11:08 +0000 2023;1695076346568052855;"-infoness Ada yang ikut wisuda 117 tapi bingung mau booking buat MUA?? Aku mau nyari barengan nihh pake jasa @./ramadhianaayumakeup, bisa di cek dulu ignya barangkali sesuai sama kalian....aku rencana mau pake jasa beliau tapi min 2 orang jadi lagi nyari barengan huhu";0;1;0;0;in;1187284958370398209;1695076346568052855;unnesmenfess;https://twitter.com/unnesmenfess/status/1695076346568052855
Fri Aug 25 14:10:37 +0000 2023;1695076214959194472;"-jualaness jual karpet 25k aja yg mau https://t.co/Djb242DdJj";0;2;0;0;in;1187284958370398209;1695076214959194472;unnesmenfess;https://twitter.com/unnesmenfess/status/1695076214959194472
Fri Aug 25 14:09:17 +0000 2023;1695075880484348247;"-ness beli ayam bagian dada doang sebiji dimana ya? Depan rusunawa ada ga?";0;1;0;0;in;1187284958370398209;1695075880484348247;unnesmenfess;https://twitter.com/unnesmenfess/status/1695075880484348247
Fri Aug 25 14:08:55 +0000 2023;1695075787974816030;"gais mau minta link template ppt dong kalo ada, thanks -ness";0;3;0;3;in;1187284958370398209;1695075787974816030;unnesmenfess;https://twitter.com/unnesmenfess/status/1695075787974816030
Fri Aug 25 14:08:33 +0000 2023;1695075697184944359;"-jualaness gercep yuk dibeli hehehe";0;1;0;0;in;1187284958370398209;1695075697184944359;unnesmenfess;https://twitter.com/unnesmenfess/status/1695075697184944359
Fri Aug 25 14:07:28 +0000 2023;1695075423422697947;"-jualaness yang mau bisa langsung reply aja nanti aku dm boleh negooo jugaa https://t.co/vIvXEzOGI3";0;2;0;1;in;1187284958370398209;1695075423422697947;unnesmenfess;https://twitter.com/unnesmenfess/status/1695075423422697947
Fri Aug 25 14:07:23 +0000 2023;1695075402799337816;"-ness makan malem apa ya udh bingung bgt";0;2;0;1;in;1187284958370398209;1695075402799337816;unnesmenfess;https://twitter.com/unnesmenfess/status/1695075402799337816
Fri Aug 25 14:05:46 +0000 2023;1695074993892417538;"@unnesmenfess DM nder maww";0;0;0;0;tl;1412595080486035457;1695067807690490364;cndy09__;https://twitter.com/cndy09__/status/1695074993892417538
Fri Aug 25 14:05:44 +0000 2023;1695074987550630188;"-ness disini ada yang pernah belanja lewat blibli ga? kalau di blibli, pas paket kita diantar ke alamat dikasih tau gak ya nama kurirnya kaya di lazada gini? soalnya aku lupa cantumin nama kos di alamatnya ğŸ˜­ https://t.co/orSRWDA6j4";0;1;0;0;in;1187284958370398209;1695074987550630188;unnesmenfess;https://twitter.com/unnesmenfess/status/1695074987550630188
Fri Aug 25 14:05:11 +0000 2023;1695074846521413634;"@unnesmenfess Mintol bapak kost atau temen kost kan bisa, Nder ğŸ¥¹ğŸ™";0;0;0;0;in;1545283463875416066;1695073248541897112;Arsonist_Hope;https://twitter.com/Arsonist_Hope/status/1695074846521413634
Fri Aug 25 13:59:58 +0000 2023;1695073537445568591;"Yuk kapas, shampoo, sunscreen, kaos kaki, facial washnya boleh nego ya dan bisa diantar ke kos/cod -jualaness https://t.co/XJ4QcJBkcy";0;4;0;5;in;1187284958370398209;1695073537445568591;unnesmenfess;https://twitter.com/unnesmenfess/status/1695073537445568591
Fri Aug 25 13:58:50 +0000 2023;1695073248541897112;"-ness ada yang bisa ganti lampu kamar ngga? Aku bingung cara gantinyağŸ˜­";0;4;0;1;in;1187284958370398209;1695073248541897112;unnesmenfess;https://twitter.com/unnesmenfess/status/1695073248541897112
Fri Aug 25 13:56:49 +0000 2023;1695072743140499465;"-ness sory nanya sabtu sabtu rumil tutup ya?";0;1;0;0;in;1187284958370398209;1695072743140499465;unnesmenfess;https://twitter.com/unnesmenfess/status/1695072743140499465
Fri Aug 25 13:55:25 +0000 2023;1695072392467398872;"-ness ada yang besok mau balik pati ga ya gais?";0;0;0;0;in;1187284958370398209;1695072392467398872;unnesmenfess;https://twitter.com/unnesmenfess/status/1695072392467398872
Fri Aug 25 13:53:35 +0000 2023;1695071929504612489;"-jualaness preloved azarine lippie cake shade 02 choco biscuit, isi masih banyak Â± 95% 20k ajah hayu diangkut ğŸ˜ https://t.co/KNyi3KVJlV";0;3;0;3;in;1187284958370398209;1695071929504612489;unnesmenfess;https://twitter.com/unnesmenfess/status/1695071929504612489
Fri Aug 25 13:51:50 +0000 2023;1695071489358188871;"@unnesmenfess jadi takut naik motor, lagi rame banget unnes ğŸ˜­";0;0;0;0;in;945262498931814401;1694954140508823933;blablabulsh;https://twitter.com/blablabulsh/status/1695071489358188871
Fri Aug 25 13:51:10 +0000 2023;1695071321577648372;"Kating-kating akuntansi ada yang mo jual buku ini ga yaa? -ness https://t.co/hc37rJzJR7";0;1;0;1;in;1187284958370398209;1695071321577648372;unnesmenfess;https://twitter.com/unnesmenfess/status/1695071321577648372
Fri Aug 25 13:50:54 +0000 2023;1695071252782645421;"-ness beli gula yg sedikit gt dimana ya? Apa semua gula dikemas dlm jumlah yg banyak?ğŸ˜­";0;3;0;0;in;1187284958370398209;1695071252782645421;unnesmenfess;https://twitter.com/unnesmenfess/status/1695071252782645421
Fri Aug 25 13:49:20 +0000 2023;1695070860409765956;"-jualaness preloved kemeja rubylicious dijual krn beli ke double harga asli 115k &amp  celana jiniso dijual krn salah uk harga asli 169k. Bisa cod/dianter dpn kos, yg minat dm/wa aja yaağŸ«¶ğŸ»ğŸ«¶ğŸ» https://t.co/TbXhGdKdD4";0;3;0;7;in;1187284958370398209;1695070860409765956;unnesmenfess;https://twitter.com/unnesmenfess/status/1695070860409765956
Fri Aug 25 13:48:51 +0000 2023;1695070738171174954;"-ness adakah yg punya dress buat kondangan gitu ?? kalo boleh mau minjem atau sewa gpp, ukuran S kalo ada, butuh bgtğŸ¥¹ makasiii";0;4;0;0;in;1187284958370398209;1695070738171174954;unnesmenfess;https://twitter.com/unnesmenfess/status/1695070738171174954
Fri Aug 25 13:47:20 +0000 2023;1695070354610208850;"-jualaness Jual new outer/cardigan warna hitam seperti di gambar yaaa. Aku jual 50k ajaa âœ¨ https://t.co/IwrJUPZ3DQ";0;1;0;2;in;1187284958370398209;1695070354610208850;unnesmenfess;https://twitter.com/unnesmenfess/status/1695070354610208850
Fri Aug 25 13:47:15 +0000 2023;1695070333395722742;"-jualaness yuk topi ada antingnya murah aja 20k. Croptop ori colorbox (belum pernah dipake) only 50k aja (dapet free paperbag colorboxnya) juga, yg minat reply ya. boleh nego tipiss https://t.co/tDtLL22NiL";0;0;0;0;in;1187284958370398209;1695070333395722742;unnesmenfess;https://twitter.com/unnesmenfess/status/1695070333395722742
Fri Aug 25 13:44:56 +0000 2023;1695069750601416803;"WOY BISA NGGAK SIHHH GAUSAH NUMPANG DI LAPAK ORANG???!!!!! -ness";0;0;0;1;in;1187284958370398209;1695069750601416803;unnesmenfess;https://twitter.com/unnesmenfess/status/1695069750601416803
Fri Aug 25 13:44:27 +0000 2023;1695069629096538610;"-jualaness Hai gaess yang suka cemal cemil aku ada rekomendasi Snack Platter nih murah meriahhh. Bisa cod atau anter kos lohh. Yang berminat bisa rep ya nanti aku DM ğŸ˜‰ https://t.co/njUVWTxt0u";0;3;0;8;in;1187284958370398209;1695069629096538610;unnesmenfess;https://twitter.com/unnesmenfess/status/1695069629096538610
Fri Aug 25 13:42:18 +0000 2023;1695069090757460211;"@unnesmenfess info loker dong min sekitaran unnes, kalo bisa yang part timeğŸ¥º";0;1;0;0;in;1616792286062608387;1695069090757460211;AkmylaKing;https://twitter.com/AkmylaKing/status/1695069090757460211
Fri Aug 25 13:42:03 +0000 2023;1695069027456909785;"-jualaness bisa di anter smpe kosan atau cod kampus yaa https://t.co/uAQcKq7RG7";0;4;0;1;in;1187284958370398209;1695069027456909785;unnesmenfess;https://twitter.com/unnesmenfess/status/1695069027456909785
Fri Aug 25 13:39:33 +0000 2023;1695068398110032224;"@worksfess info loker kalau bisa sekitaran unnes semarang dehğŸ™ğŸ»";0;1;0;0;in;1616792286062608387;1695068398110032224;AkmylaKing;https://twitter.com/AkmylaKing/status/1695068398110032224
Fri Aug 25 13:38:03 +0000 2023;1695068020605915177;"-ness ada yg punya daftar harga geprek Arnold? Rep dong klo ada";0;3;1;1;in;1187284958370398209;1695068020605915177;unnesmenfess;https://twitter.com/unnesmenfess/status/1695068020605915177
Fri Aug 25 13:37:12 +0000 2023;1695067807690490364;"-jualaness preâ¤ï¸ lipcream omg shade 13.Latte sama 12.Scarlett, dijual karna kurang cocok sm shade nya. ambil semua 25k aja deh. Kalo mau 1 aja bisa 15k ya, makasih ğŸ«¶ğŸ¼ https://t.co/rKPFei5HIA";0;3;0;0;in;1187284958370398209;1695067807690490364;unnesmenfess;https://twitter.com/unnesmenfess/status/1695067807690490364
Fri Aug 25 13:35:08 +0000 2023;1695067285348810911;"@pcrkveh aamiin makasih ya. apa pusat utbk gua di unnes aja yağŸ¤”, biar bisa numpang di kontrakan temen gua, mayan gausah cari kost harian wkwk";0;1;0;0;in;1463357352082481159;1695035676243488997;athoshi_;https://twitter.com/athoshi_/status/1695067285348810911
Fri Aug 25 13:34:01 +0000 2023;1695067007127859528;"-jualaness sepatu sandal seis, dijual 120k (beli 170k) bisa nego. size 40 masih mulus pol https://t.co/OZpg8nXwn1";0;0;0;2;in;1187284958370398209;1695067007127859528;unnesmenfess;https://twitter.com/unnesmenfess/status/1695067007127859528
Fri Aug 25 13:32:48 +0000 2023;1695066699072999832;"@bite4ble Unnes sini";0;1;0;0;et;1361744263269154818;1695062873335070835;xnana_e;https://twitter.com/xnana_e/status/1695066699072999832
Fri Aug 25 13:32:14 +0000 2023;1695066555103531445;"BESOK READY JASTIP &amp  ANJEM, START JAM 08.00 - 22.00 (CLOSE JAM ISTIRAHAT)";0;0;0;0;in;1131456318047281152;1695066555103531445;aaaa7___;https://twitter.com/aaaa7___/status/1695066555103531445
Fri Aug 25 13:30:58 +0000 2023;1695066238802608161;"-ness yang punya penggorengan atau talenan ga kepake boleh dong sekalian drop harga.  makasiii~";0;1;0;0;in;1187284958370398209;1695066238802608161;unnesmenfess;https://twitter.com/unnesmenfess/status/1695066238802608161
Fri Aug 25 13:30:58 +0000 2023;1695066237141659789;"-jualaness preloved kemeja dan batik guys, yang minat nanti komen aja yaa biar aku dm, thanks https://t.co/0N7JmsMFC7";0;13;0;4;in;1187284958370398209;1695066237141659789;unnesmenfess;https://twitter.com/unnesmenfess/status/1695066237141659789
Fri Aug 25 13:28:35 +0000 2023;1695065639084277976;"-jualaness jual lampu baru belum pernah dipake sama sekali. alasan jual karna lampunya gamuat di lobanh plafon. 30k nego aja https://t.co/RkkxTQwCJj";0;1;0;0;in;1187284958370398209;1695065639084277976;unnesmenfess;https://twitter.com/unnesmenfess/status/1695065639084277976
Fri Aug 25 13:26:15 +0000 2023;1695065052481474822;"@unnesmenfess Yah gmn ya, di unnes aj nyaris g ad space buat org jalan kaki. Bayangin aja mobil motor klo parkir menuhin pinggir jalan semua.";0;0;1;10;in;1263100697131642880;1694986790229450762;fiaaa_999;https://twitter.com/fiaaa_999/status/1695065052481474822
Fri Aug 25 13:25:40 +0000 2023;1695064903759843516;"@unnesmenfess Mahyong";0;0;0;0;in;1639554372953620480;1695063308087222658;ojekkilat86;https://twitter.com/ojekkilat86/status/1695064903759843516
Fri Aug 25 13:24:13 +0000 2023;1695064538775724281;"-jualaness dijual NEW ukuran 38, dijual karena kekecilan. Harga beli 65k harga jual 50k(nego tipis) kalau mau, rep aja nanti sender dm https://t.co/OCSRYpPI8y";0;2;0;1;in;1187284958370398209;1695064538775724281;unnesmenfess;https://twitter.com/unnesmenfess/status/1695064538775724281
Fri Aug 25 13:23:56 +0000 2023;1695064465660604823;"haloo -ness readytogo dah ready lagi nihh. yg butuh anjem dan jastip bisa lgsg contact WA yaaa thx u https://t.co/2ATUULRxdg";0;0;0;2;in;1187284958370398209;1695064465660604823;unnesmenfess;https://twitter.com/unnesmenfess/status/1695064465660604823
Fri Aug 25 13:23:38 +0000 2023;1695064391949979873;"-jualaness jangan lupa cuci sepatu ness ğŸ™ŒğŸ» https://t.co/DmdkogNXLY";0;0;0;1;in;1187284958370398209;1695064391949979873;unnesmenfess;https://twitter.com/unnesmenfess/status/1695064391949979873
Fri Aug 25 13:22:55 +0000 2023;1695064209959137508;"buat yang suka jajan nih -ness tak kasi info jajan lezat sehat harganya murce. ayo di order!!! https://t.co/rxgopEKO7u";0;1;0;5;in;1187284958370398209;1695064209959137508;unnesmenfess;https://twitter.com/unnesmenfess/status/1695064209959137508
Fri Aug 25 13:22:00 +0000 2023;1695063982053208124;"ih pejalan kaki sekitar unnes tu kenapa yaaaa ya Allah ğŸ˜­ğŸ˜­ awalnya gamau salty tapi ternyata emang ngeselin bgtttttt ğŸ˜­";0;4;0;0;in;1122365994519760897;1695063982053208124;syasyahmuni;https://twitter.com/syasyahmuni/status/1695063982053208124
Fri Aug 25 13:20:51 +0000 2023;1695063691383763132;"PARKIRAN UNNES SEMESTER INI FLOP PARAH FAK";0;0;0;0;in;1639250320042917888;1695063691383763132;bukanorangkoo;https://twitter.com/bukanorangkoo/status/1695063691383763132
Fri Aug 25 13:20:30 +0000 2023;1695063603806707753;"-ness ayoo gasinn stok menipis kapan lagi nonton gsnya dewa, lomba sihir, dll seharga 100an??";0;0;0;0;in;1187284958370398209;1695063603806707753;unnesmenfess;https://twitter.com/unnesmenfess/status/1695063603806707753
Fri Aug 25 13:19:20 +0000 2023;1695063308087222658;"-ness saranin game offline hp dong yang gak ngebosenin";0;11;0;7;in;1187284958370398209;1695063308087222658;unnesmenfess;https://twitter.com/unnesmenfess/status/1695063308087222658
Fri Aug 25 13:17:36 +0000 2023;1695062873335070835;"yang bisa dititipin menfess undip atau unnes siapa yaa? bayar gapap deh plis bgt inimah";0;1;0;0;in;1116394664284737536;1695062873335070835;bite4ble;https://twitter.com/bite4ble/status/1695062873335070835
Fri Aug 25 13:16:38 +0000 2023;1695062630447063085;"yang butuh ngopi dan cemilan aku menjuallnya karna aku akan pulang yuyu dibeli bs negi deh -jualaness https://t.co/IYkzl9l1dR";0;0;0;0;in;1187284958370398209;1695062630447063085;unnesmenfess;https://twitter.com/unnesmenfess/status/1695062630447063085
Fri Aug 25 13:16:26 +0000 2023;1695062581176619269;"@unnesmenfess dm nder";0;0;0;0;tr;1412595080486035457;1695059719780458545;cndy09__;https://twitter.com/cndy09__/status/1695062581176619269
Fri Aug 25 13:16:07 +0000 2023;1695062500469874948;"minimal kalo komen di dagangan orang klo minta di dm dibales lah jgn gantungin gini dongg -ness";0;1;0;0;in;1187284958370398209;1695062500469874948;unnesmenfess;https://twitter.com/unnesmenfess/status/1695062500469874948
Fri Aug 25 13:14:24 +0000 2023;1695062068838154313;"-jualaness yuk dibeli bisa dinego kok ğŸ™‡ğŸ»â€â™€ï¸ https://t.co/CiiElbm31c";0;5;0;2;in;1187284958370398209;1695062068838154313;unnesmenfess;https://twitter.com/unnesmenfess/status/1695062068838154313
Fri Aug 25 13:12:08 +0000 2023;1695061496705761361;"-jualaness mau jual pasir dan makan meow. take all 20k ajaa, rep nanti aku dm https://t.co/gbnMKM7UCS";0;1;0;0;in;1187284958370398209;1695061496705761361;unnesmenfess;https://twitter.com/unnesmenfess/status/1695061496705761361
Fri Aug 25 13:11:28 +0000 2023;1695061332175798436;"-jualaness yuk dibeli maybelline vinyl ink, rewetter, kabel data robot, sama softlesnya. masih pada baru semuağŸ˜… reply kalau minat https://t.co/w1BNpyha4k";0;1;0;0;in;1187284958370398209;1695061332175798436;unnesmenfess;https://twitter.com/unnesmenfess/status/1695061332175798436
Fri Aug 25 13:09:47 +0000 2023;1695060904998514991;"-Jualaness, Yuk! bagi yang belum butuh anjem dan jastip boleh banget nih disimpan dulu atau booking juga bisa ya! Redyanjemâœ¨ https://t.co/LXcNPSulTk";0;0;0;5;in;1187284958370398209;1695060904998514991;unnesmenfess;https://twitter.com/unnesmenfess/status/1695060904998514991
Fri Aug 25 13:09:24 +0000 2023;1695060811436200153;"-jualaness want to sell jilbab kayak gini gais abu abu + hitam take all 15k aja dapet 2, belinya juga di toko ini https://t.co/9PzEjmtlvS";0;4;0;2;in;1187284958370398209;1695060811436200153;unnesmenfess;https://twitter.com/unnesmenfess/status/1695060811436200153
Fri Aug 25 13:08:36 +0000 2023;1695060608402563290;"-ness toko makeup yang terjangkau dan bisa coba tester di mana ya? mau beli di toko online takut salah shade";0;8;0;1;in;1187284958370398209;1695060608402563290;unnesmenfess;https://twitter.com/unnesmenfess/status/1695060608402563290
Fri Aug 25 13:07:34 +0000 2023;1695060350524141900;"-ness need jastip 3k buat skrgg";0;1;0;0;in;1187284958370398209;1695060350524141900;unnesmenfess;https://twitter.com/unnesmenfess/status/1695060350524141900
Fri Aug 25 13:05:50 +0000 2023;1695059913142137228;"ayam kremes sekitar unnes yang enak di mana sih";0;1;0;0;in;1553719674185355265;1695059913142137228;ilovebeingawhat;https://twitter.com/ilovebeingawhat/status/1695059913142137228
Fri Aug 25 13:05:44 +0000 2023;1695059885531017240;"-jualaness wts binder A5, blom dipake samsekk. Free isian binder kurleb 100 lembar. Aku beli 100k an dijual 85k ajaa bisa nego https://t.co/qoC0yba606";0;0;0;3;in;1187284958370398209;1695059885531017240;unnesmenfess;https://twitter.com/unnesmenfess/status/1695059885531017240
Fri Aug 25 13:05:26 +0000 2023;1695059811014992112;"-jualaness dijual pigura harga satuan 30k, nego. Uk. 8R https://t.co/lSG8WQe9wx";0;0;0;1;in;1187284958370398209;1695059811014992112;unnesmenfess;https://twitter.com/unnesmenfess/status/1695059811014992112
Fri Aug 25 13:05:20 +0000 2023;1695059787241726320;"ada yg mw tukeran dari cash ke syopi pay 70k ga yaaa? sender lagi butuh bangettt -ness https://t.co/WZ2fRdFjik";0;1;0;3;in;1187284958370398209;1695059787241726320;unnesmenfess;https://twitter.com/unnesmenfess/status/1695059787241726320
Fri Aug 25 13:05:06 +0000 2023;1695059726210375983;"-ness ada yang mau preloved kalung/gelang/acc yang lain gak??";0;0;0;0;in;1187284958370398209;1695059726210375983;unnesmenfess;https://twitter.com/unnesmenfess/status/1695059726210375983
Fri Aug 25 13:05:04 +0000 2023;1695059719780458545;"-ness ada yang bisa anjem dr kost arnold ke banaran buat sekarang ga yaa?";0;6;0;1;in;1187284958370398209;1695059719780458545;unnesmenfess;https://twitter.com/unnesmenfess/status/1695059719780458545
Fri Aug 25 13:04:34 +0000 2023;1695059592999309790;"-ness info cuci motor yang buka sampe malem, makasi";0;2;0;0;in;1187284958370398209;1695059592999309790;unnesmenfess;https://twitter.com/unnesmenfess/status/1695059592999309790
Fri Aug 25 13:04:20 +0000 2023;1695059533884723487;"Yg minat reply ya nnti ku dm, murah aja kok -ness";0;11;0;0;in;1187284958370398209;1695059533884723487;unnesmenfess;https://twitter.com/unnesmenfess/status/1695059533884723487
Fri Aug 25 13:04:13 +0000 2023;1695059507204825556;"-ness kalian yg brngkat kuliah barengan temen dari sekaran ke kampus kelud urunan bensinnya berapa?";0;2;0;1;in;1187284958370398209;1695059507204825556;unnesmenfess;https://twitter.com/unnesmenfess/status/1695059507204825556
Fri Aug 25 13:04:11 +0000 2023;1695059496186376262;"@audiencz Ahh kuningnya kek kuningnya unnes ga sih??";0;1;0;0;in;1253906734210412546;1694747473888358678;MartabakOdy;https://twitter.com/MartabakOdy/status/1695059496186376262
Fri Aug 25 13:02:37 +0000 2023;1695059104031490072;"-jualaness dibeli yu boleh nego hehe https://t.co/2SN4kmDZOJ";0;0;0;0;in;1187284958370398209;1695059104031490072;unnesmenfess;https://twitter.com/unnesmenfess/status/1695059104031490072
Fri Aug 25 13:02:00 +0000 2023;1695058946044678160;"-jualaness yu yang cari premium apps full garansi ğŸ˜» bisa dibookmark dulu siapa tau nanti butuh ğŸ™†â€â™€ï¸ ğŸ™ŒğŸ» https://t.co/DpCzKEZe0P";0;1;0;0;in;1187284958370398209;1695058946044678160;unnesmenfess;https://twitter.com/unnesmenfess/status/1695058946044678160
Fri Aug 25 13:01:34 +0000 2023;1695058840595628102;"setdah temen pirtual pada mau meet, w kapan sm yg lagi kuliah di unnesğŸ˜­ğŸ˜­ayo ketemuan kakkkk, se dom tpi susahnya minta ampun";0;0;0;0;in;1461603589940334594;1695058840595628102;N_Leeam;https://twitter.com/N_Leeam/status/1695058840595628102
Fri Aug 25 13:01:14 +0000 2023;1695058756256600237;"-ness yuu dibeli yuu boleh nego loh hehe";0;1;0;0;in;1187284958370398209;1695058756256600237;unnesmenfess;https://twitter.com/unnesmenfess/status/1695058756256600237
Fri Aug 25 13:00:40 +0000 2023;1695058611192434996;"@unnesmenfess aku sebagai pejalan kaki yg pernah keserempet mobil di sekitar unnes tuh bingung sebenernya, karna gaada space buat jalan kakiğŸ˜­ kanan dah jalan, kiri nya lapak orang jualan. padahal waktu itu aku sendiri tetep aja keserempetğŸ˜­";0;0;1;40;in;1173129609589604352;1694986790229450762;_jaenabil;https://twitter.com/_jaenabil/status/1695058611192434996
Fri Aug 25 13:00:11 +0000 2023;1695058489586913285;"-ness adakah yang pl twc luxcr*me?";0;0;0;0;in;1187284958370398209;1695058489586913285;unnesmenfess;https://twitter.com/unnesmenfess/status/1695058489586913285
Fri Aug 25 12:59:44 +0000 2023;1695058376936292520;"di u -ness ada yang jual bakso balado kayak gini ga sii? kalo ada kasih tau dong gaiss https://t.co/rvGDowP2J7";0;0;0;0;in;1187284958370398209;1695058376936292520;unnesmenfess;https://twitter.com/unnesmenfess/status/1695058376936292520
Fri Aug 25 12:59:39 +0000 2023;1695058354807230566;"Open PO GEROWNIES PROMOâ—  ğŸ“¢Free Greeting Card  Sendok  Pisau  Lilin ğŸ›µFreeOng (Unnes)* Antar Sampai Kos ğŸ’›menu Promo lainnya aku DM PLnya. Rep aja yaa ğŸ˜Š -Mengerti Perasaanmu- -jualaness https://t.co/pjxgbqUFmQ";0;4;0;5;in;1187284958370398209;1695058354807230566;unnesmenfess;https://twitter.com/unnesmenfess/status/1695058354807230566
Fri Aug 25 12:59:14 +0000 2023;1695058252571066780;"-jualaness wtb tawas deodorant spray ato ada yg tau bli dmn selain sopi";0;2;0;0;in;1187284958370398209;1695058252571066780;unnesmenfess;https://twitter.com/unnesmenfess/status/1695058252571066780
Fri Aug 25 12:57:01 +0000 2023;1695057692622987613;"jastip yang ready sekarang tanpa antri -ness";0;2;0;0;in;1187284958370398209;1695057692622987613;unnesmenfess;https://twitter.com/unnesmenfess/status/1695057692622987613
Fri Aug 25 12:55:42 +0000 2023;1695057360761377203;"-ness di sini ada yang preloved rak kosmetik?";0;3;0;0;in;1187284958370398209;1695057360761377203;unnesmenfess;https://twitter.com/unnesmenfess/status/1695057360761377203
Fri Aug 25 12:55:32 +0000 2023;1695057321913696497;"@unnesmenfess Fix besok kalo ke Unnes mau nyoba";0;0;0;0;in;1395700435;1695055556875362670;keradsukan;https://twitter.com/keradsukan/status/1695057321913696497
Fri Aug 25 12:55:10 +0000 2023;1695057227294347603;"@unnesmenfess next time ksni aja kak, aman tnggal duduk ajağŸ™ğŸ˜‡";0;0;0;1;in;1694679760335732736;1695036780708532721;jo_jekunnes;https://twitter.com/jo_jekunnes/status/1695057227294347603
Fri Aug 25 12:54:36 +0000 2023;1695057086936158478;"-ness kalo ngeliat foto gdrive orang, otomatis email kita kespill ga?";0;1;0;0;in;1187284958370398209;1695057086936158478;unnesmenfess;https://twitter.com/unnesmenfess/status/1695057086936158478
Fri Aug 25 12:53:16 +0000 2023;1695056751710650649;"-jualaness gelang tali murce start 2k, yang mau bisa chat ke nomor tertera atau dm ignya. Untuk model lainnya boleh kepoin ig @.gi.crafts ğŸ˜‰ğŸ‘ğŸ» https://t.co/9E9vhDUwJr";0;0;1;5;in;1187284958370398209;1695056751710650649;unnesmenfess;https://twitter.com/unnesmenfess/status/1695056751710650649
Fri Aug 25 12:53:03 +0000 2023;1695056695708279015;"-ness info kos cowo di dekat SMK N 2 Temanggung. MakasihğŸ™ğŸ»";0;0;0;1;in;1187284958370398209;1695056695708279015;unnesmenfess;https://twitter.com/unnesmenfess/status/1695056695708279015
Fri Aug 25 12:52:12 +0000 2023;1695056481803276461;"@unnesmenfess kalau di unnes, bobakar enak nderr";0;0;0;0;in;2456620602;1695051674786951358;pixxiechany;https://twitter.com/pixxiechany/status/1695056481803276461
Fri Aug 25 12:51:22 +0000 2023;1695056273572606431;"yang prelov meja belajar rep -ness";0;0;0;0;in;1187284958370398209;1695056273572606431;unnesmenfess;https://twitter.com/unnesmenfess/status/1695056273572606431
Fri Aug 25 12:51:19 +0000 2023;1695056258036859010;"-jualaness 50k nego sampe laku gas aja, tasnya lucu ccok buat ngampus, minat? reply aja nanti ak dm yhğŸ«¶ https://t.co/mesJEGbtMy";0;1;0;1;in;1187284958370398209;1695056258036859010;unnesmenfess;https://twitter.com/unnesmenfess/status/1695056258036859010
Fri Aug 25 12:50:19 +0000 2023;1695056008576708858;"-ness yang jual meja lipat kek gini harga 40-50k di mana ya di unnes? sekalian jastip yang bisa beliin ini &amp  anter ke kos &amp  bayar via e-wallet dong ğŸ˜â˜ https://t.co/qaoy724hIY";0;4;0;2;in;1187284958370398209;1695056008576708858;unnesmenfess;https://twitter.com/unnesmenfess/status/1695056008576708858
Fri Aug 25 12:49:35 +0000 2023;1695055823414726981;"-ness pom unnes buka gak";0;1;0;0;in;1187284958370398209;1695055823414726981;unnesmenfess;https://twitter.com/unnesmenfess/status/1695055823414726981
Fri Aug 25 12:49:18 +0000 2023;1695055751222538361;"-ness jastip bebek ireng muntal ke allstay hotel berapa yaaaa? laper banget";0;1;0;0;in;1187284958370398209;1695055751222538361;unnesmenfess;https://twitter.com/unnesmenfess/status/1695055751222538361
Fri Aug 25 12:49:02 +0000 2023;1695055683220037881;"-ness kalian kalo siang main ke semarang bawah biasanya pada main kemana sii?";0;7;0;0;in;1187284958370398209;1695055683220037881;unnesmenfess;https://twitter.com/unnesmenfess/status/1695055683220037881
Fri Aug 25 12:48:46 +0000 2023;1695055616732012630;"my hate for unnes has fully returned and exponentially developed.";1;0;0;0;en;1138745358165524480;1695055616732012630;icarusthrive;https://twitter.com/icarusthrive/status/1695055616732012630
Fri Aug 25 12:48:32 +0000 2023;1695055556875362670;"-Ness, asli sih ketupat padangnya bikin nagih, jdi pen pulkam mana yg jual padang aslii *lamak bana https://t.co/48ZfIGkaot";5;25;10;213;in;1187284958370398209;1695055556875362670;unnesmenfess;https://twitter.com/unnesmenfess/status/1695055556875362670
Fri Aug 25 12:47:47 +0000 2023;1695055370392371403;"-jualaness Bisa di booking buat wisuda unnes oktober hehehe https://t.co/YbblpUE62x";0;0;0;3;in;1187284958370398209;1695055370392371403;unnesmenfess;https://twitter.com/unnesmenfess/status/1695055370392371403
Fri Aug 25 12:47:44 +0000 2023;1695055355728806143;"-jualaness preeeğŸ©µ beberapa tasku yang sudah jarang terpakai, yang minat bisa repğŸ’• https://t.co/J9zxhsBINQ";0;0;0;2;in;1187284958370398209;1695055355728806143;unnesmenfess;https://twitter.com/unnesmenfess/status/1695055355728806143
Fri Aug 25 12:47:41 +0000 2023;1695055345469526300;"-jualaness preluv catokan kemei 100k baru dipake sekali dua kali doangggg. minat reply yaa https://t.co/2hsfUg6mZL";0;0;0;1;in;1187284958370398209;1695055345469526300;unnesmenfess;https://twitter.com/unnesmenfess/status/1695055345469526300
Fri Aug 25 12:46:21 +0000 2023;1695055007740289046;"-ness cara biar skripsi cepet selsai apa yaaa? Bisaa ga yaa kalo lulusnya 3.5 th.sender masih smt 5 . Yang harus dilakuin apa ya";0;8;0;15;in;1187284958370398209;1695055007740289046;unnesmenfess;https://twitter.com/unnesmenfess/status/1695055007740289046
Fri Aug 25 12:45:39 +0000 2023;1695054831625584852;"-jualaness Jika cocok dengan harga kami silahkan order ya Kaka-Kaka, nantikan promo menarik di Bulan Agustus. 2.200++ customer OJLINE, Pelayanan 5600++ orderan sudah terlaksana bisa cek di sosial media kami atau tanya tanya via cp kami âœ¨ https://t.co/NBpE86O8VI";0;0;0;0;in;1187284958370398209;1695054831625584852;unnesmenfess;https://twitter.com/unnesmenfess/status/1695054831625584852
Fri Aug 25 12:45:23 +0000 2023;1695054766664261761;"-ness ada yang tau ga tempat pijet lulur di unnes dimana??";0;1;0;0;in;1187284958370398209;1695054766664261761;unnesmenfess;https://twitter.com/unnesmenfess/status/1695054766664261761
Fri Aug 25 12:45:22 +0000 2023;1695054762302202214;"@unnesmenfess susu jahee, bubur kacang ijoo";0;0;0;0;in;1686631323824427008;1695053452458770891;Anjem_BangRizal;https://twitter.com/Anjem_BangRizal/status/1695054762302202214
Fri Aug 25 12:43:49 +0000 2023;1695054372311650379;"@unnesmenfess Klo gk salah tuh pencet titik tiga, trs pilih lihat versi sebelumnya(?)";0;0;0;0;in;1545283463875416066;1695034373983400362;Arsonist_Hope;https://twitter.com/Arsonist_Hope/status/1695054372311650379
Fri Aug 25 12:43:18 +0000 2023;1695054240304218615;"-ness yang lagi di pasar malem banaran drop fotonya dong rame ga disana?";0;1;1;0;in;1187284958370398209;1695054240304218615;unnesmenfess;https://twitter.com/unnesmenfess/status/1695054240304218615
Fri Aug 25 12:42:53 +0000 2023;1695054137363407217;"-ness kedai teh yang disampingnya nawangsri persis itu ada es teh 3000 an ga si?";0;0;0;0;in;1187284958370398209;1695054137363407217;unnesmenfess;https://twitter.com/unnesmenfess/status/1695054137363407217
Fri Aug 25 12:42:45 +0000 2023;1695054105415168044;"ğŸ“µ mohon maaf guyss.. malem ini sampe jam 19.00 wib saja ğŸ™ğŸ¼ğŸ“µ trimaa kasih.. happy weekend â£ï¸ğŸ©·";0;0;0;0;in;1686631323824427008;1695054105415168044;Anjem_BangRizal;https://twitter.com/Anjem_BangRizal/status/1695054105415168044
Fri Aug 25 12:40:25 +0000 2023;1695053516148990049;"selesai jastip mixue ğŸ¦âœ…";0;0;0;0;et;1686631323824427008;1695053516148990049;Anjem_BangRizal;https://twitter.com/Anjem_BangRizal/status/1695053516148990049
Fri Aug 25 12:40:10 +0000 2023;1695053452458770891;"-ness saran makan malem yang enak buat sakit tenggorokan";0;3;0;0;in;1187284958370398209;1695053452458770891;unnesmenfess;https://twitter.com/unnesmenfess/status/1695053452458770891
Fri Aug 25 12:40:00 +0000 2023;1695053412235403652;"selesai jastip ayam penyet wbl ğŸ“âœ…";0;0;0;0;in;1686631323824427008;1695053412235403652;Anjem_BangRizal;https://twitter.com/Anjem_BangRizal/status/1695053412235403652
Fri Aug 25 12:39:39 +0000 2023;1695053322619888100;"-jualaness Hai gaess yang besok bingung makan apa, mager keluar karena panas and macet tapi pingin tetep makan enak, aku ada rekomendasi nasi ayam suwir sambal kemangi nih. Murah meriah cuma 10k bisa cod atau anter sampe depan kos. Yang tertarik bisa rep ya nanti aku DM ğŸ˜‰ https://t.co/O57ZM8W29Q";0;4;1;9;in;1187284958370398209;1695053322619888100;unnesmenfess;https://twitter.com/unnesmenfess/status/1695053322619888100
Fri Aug 25 12:39:02 +0000 2023;1695053167426212092;"selesai anjem ke kopi tlatah âœ…â˜•";0;0;0;0;in;1686631323824427008;1695053167426212092;Anjem_BangRizal;https://twitter.com/Anjem_BangRizal/status/1695053167426212092
Fri Aug 25 12:38:59 +0000 2023;1695053153660751982;"@unnesmenfess Iya, Nder, soalnya anak kost ku emang lebih suka masak daripada beli makan. Bahkan sering masak bareng juga hehe. Dan kamu jangan ngerasa gk enak, toh kamu udah bayar kost dan emang itu fasilitas kost. Pake ajaaaa";0;0;0;0;in;1545283463875416066;1695051523838169312;Arsonist_Hope;https://twitter.com/Arsonist_Hope/status/1695053153660751982
Fri Aug 25 12:38:06 +0000 2023;1695052931933086151;"Kalian yg ga berhijab bolrh tau gak beli bju buat wisuda dimana ? -ness";0;0;0;0;in;1187284958370398209;1695052931933086151;unnesmenfess;https://twitter.com/unnesmenfess/status/1695052931933086151
Fri Aug 25 12:37:33 +0000 2023;1695052794238259591;"-jualaness minat rep aja yaa nanti aku dm bisa anter ampe depan kostğŸ˜‰ğŸ˜‰ https://t.co/qxcVqRZWtc";0;1;0;0;in;1187284958370398209;1695052794238259591;unnesmenfess;https://twitter.com/unnesmenfess/status/1695052794238259591
Fri Aug 25 12:37:26 +0000 2023;1695052764425162931;"-ness hai gais ada yg punya kamus oxford yg advance learner's gak yaa??? boleh gak yaa aku beli?? terima kasihhh https://t.co/p4np184RCx";0;0;0;0;in;1187284958370398209;1695052764425162931;unnesmenfess;https://twitter.com/unnesmenfess/status/1695052764425162931
Fri Aug 25 12:36:45 +0000 2023;1695052593779900505;"-jualaness barangkali ada yang minat, 70rb aja bisa nego. Ukuran kurleb 90cm, kondisi 95% like new. Alasan dijual karna ingin mengganti suasana baruğŸ˜­ . Rep ya https://t.co/c3eUSlID7P";0;1;0;0;in;1187284958370398209;1695052593779900505;unnesmenfess;https://twitter.com/unnesmenfess/status/1695052593779900505
Fri Aug 25 12:35:42 +0000 2023;1695052328481763542;"-ness disini ada yang part time di starbucks semarang??";0;0;0;0;in;1187284958370398209;1695052328481763542;unnesmenfess;https://twitter.com/unnesmenfess/status/1695052328481763542
Fri Aug 25 12:35:25 +0000 2023;1695052258579280192;"-ness info jastip bakso bosku dong, yang bisa ke ampelgading. Sertakan fee ya";0;1;0;1;in;1187284958370398209;1695052258579280192;unnesmenfess;https://twitter.com/unnesmenfess/status/1695052258579280192
Fri Aug 25 12:34:43 +0000 2023;1695052081227350263;"-jualaness preğŸ¤ sepatu karna udh gakepake dan gakubawa pulangg ke rumah, yuk yang berminat bisa rep tp ambil di kos yaa https://t.co/N0hMIXz7KE";0;4;0;2;in;1187284958370398209;1695052081227350263;unnesmenfess;https://twitter.com/unnesmenfess/status/1695052081227350263
Fri Aug 25 12:34:02 +0000 2023;1695051910414475775;"-ness Emang boleh crop top bisa custom tulisan sebagus ini? https://t.co/b8AIAINfwT";0;1;0;2;in;1187284958370398209;1695051910414475775;unnesmenfess;https://twitter.com/unnesmenfess/status/1695051910414475775
Fri Aug 25 12:33:20 +0000 2023;1695051734861885449;"@lhchcn Kebalikan unnes ya, molor dr jadwal. Klo unnes lebih cepet dari jadwal";0;1;0;0;in;452852698;1694976525588897940;lolbangetkamu;https://twitter.com/lolbangetkamu/status/1695051734861885449
Fri Aug 25 12:33:06 +0000 2023;1695051674786951358;"-ness per es an boba yang enak dimana";0;6;0;0;in;1187284958370398209;1695051674786951358;unnesmenfess;https://twitter.com/unnesmenfess/status/1695051674786951358
Fri Aug 25 12:32:30 +0000 2023;1695051523838169312;"-ness kos kalian yg ada dapur sering dipake buat masak ngga? Kaya bikin sayur gitu, kos sender kayanya jarang lebih suka ke goreng sosis, telur yg simple gitu. Sender suka masak sayur dll jadi agak ga enak kalau pake dapurnyağŸ˜”";0;4;0;0;in;1187284958370398209;1695051523838169312;unnesmenfess;https://twitter.com/unnesmenfess/status/1695051523838169312
Fri Aug 25 12:31:54 +0000 2023;1695051373489115211;"@undipmenfess Naik koridor VI arah UNNES -&gt  turun di halte Kagok Papandayan -&gt  naik koridor II arah terboyo -&gt  turun di halte Balaikota -&gt  naik koridor VIII arah cangkiran via gunungpati -&gt  turun di halte gunungpati";0;0;0;0;in;1455798757740539914;1695033845228392810;sera_phim01;https://twitter.com/sera_phim01/status/1695051373489115211
Fri Aug 25 12:30:43 +0000 2023;1695051075404038266;"-jualaness  up lagii, boleh nego kokğŸ’—";0;1;0;1;in;1187284958370398209;1695051075404038266;unnesmenfess;https://twitter.com/unnesmenfess/status/1695051075404038266
Fri Aug 25 12:29:45 +0000 2023;1695050829861113992;"-ness emng pasar malem banaran dah buka?";0;2;1;0;in;1187284958370398209;1695050829861113992;unnesmenfess;https://twitter.com/unnesmenfess/status/1695050829861113992
Fri Aug 25 12:29:36 +0000 2023;1695050793190318383;"@unnesmenfess aku adaaa tapi 20 mnt dari unnes:( 450k/bln";0;1;0;0;in;1384378479148290053;1695050011552420070;zeeorzaa;https://twitter.com/zeeorzaa/status/1695050793190318383
Fri Aug 25 12:26:29 +0000 2023;1695050011552420070;"-ness ada yang punya info kosan cowo bulanan atau semesteran yang masih kosong ga? kalau ada tolong rep dongg";0;2;0;4;in;1187284958370398209;1695050011552420070;unnesmenfess;https://twitter.com/unnesmenfess/status/1695050011552420070
Fri Aug 25 12:26:06 +0000 2023;1695049912361337125;"@undipmenfess Masih butuh ga kak bisa klik wa di bio aku mau ke unnes juga";0;0;0;0;in;1091694254311653376;1695035529744785898;acheeel99;https://twitter.com/acheeel99/status/1695049912361337125
Fri Aug 25 12:25:59 +0000 2023;1695049885450674440;"-jualaness haii aku preloved buku buku hukum semester 1, murce lhoo yuk maba fh yang mau bisa reply, tanya tanya dulu boleh ntar ku dm https://t.co/CvvyfXdmU7";0;14;0;2;in;1187284958370398209;1695049885450674440;unnesmenfess;https://twitter.com/unnesmenfess/status/1695049885450674440
Fri Aug 25 12:25:42 +0000 2023;1695049811417055277;"-jualaness masker kaki nya kakak. 15k aja.";0;1;0;1;in;1187284958370398209;1695049811417055277;unnesmenfess;https://twitter.com/unnesmenfess/status/1695049811417055277
Fri Aug 25 12:25:25 +0000 2023;1695049739774136752;"Hallo warga U -ness ğŸ™ŒğŸ» Yang mau sewa grill bisa langsung wa ke nomer yg tertera ya , untuk minggu ini sudah full booking, ready mingdep , booking mulai sekarang yukk sebelum ke booking orang lainâœŠğŸ» https://t.co/zhXFcIAmhT";0;0;1;2;in;1187284958370398209;1695049739774136752;unnesmenfess;https://twitter.com/unnesmenfess/status/1695049739774136752
Fri Aug 25 12:24:46 +0000 2023;1695049578901610762;"-ness, sender main kejauhan wkwkw  kalian yg suka nonton Hari Jisun pasti tau ini abang siapa wkwk. Bru tau ternyata dia content creator jg. Tp gk tau ttg apa weh. Wkwk ngakak, branding-nya beda banget sm di konten Jisun ğŸ˜‚ğŸ˜­ https://t.co/Xm22NZ4Mn8";0;0;0;3;in;1187284958370398209;1695049578901610762;unnesmenfess;https://twitter.com/unnesmenfess/status/1695049578901610762
Fri Aug 25 12:24:41 +0000 2023;1695049557707727263;"-jualaness aku ada galon, ada yg minat gak 30k anter sampe kost";0;2;0;0;in;1187284958370398209;1695049557707727263;unnesmenfess;https://twitter.com/unnesmenfess/status/1695049557707727263
Fri Aug 25 12:24:31 +0000 2023;1695049516263817573;"yg lg butuh plastik packing barang aku jual bbrp karna udh gajualan lg, yg minat bs rep tp ambil dikos -jualaness https://t.co/qg01G2TchK";0;0;0;0;in;1187284958370398209;1695049516263817573;unnesmenfess;https://twitter.com/unnesmenfess/status/1695049516263817573
